"imcraRegion","yearStart","yearEnd","epbcStatus","recordCount","speciesCount"
"Tweed-Moreton",1900,1970,"Not listed",28717,4646
"Twofold Shelf",1900,1970,"Not listed",41624,2661
"Eyre",1900,1970,"Not listed",11021,2258
"Coorong",1900,1970,"Not listed",3368,1233
"Otway",1900,1970,"Not listed",34459,1804
"Spencer Gulf",1900,1970,"Not listed",1520,799
"Victorian Embayments",1900,1970,"Not listed",33447,3130
"Leeuwin-Naturaliste",1900,1970,"Not listed",7122,2325
"Manning Shelf",1900,1970,"Not listed",10673,2021
"Abrolhos Islands",1900,1970,"Not listed",995,403
"Batemans Shelf",1900,1970,"Not listed",49924,2049
"Boags",1900,1970,"Not listed",5363,1619
"Bonaparte Gulf",1900,1970,"Not listed",1104,500
"Bruny",1900,1970,"Not listed",8073,2340
"Cambridge-Bonaparte",1900,1970,"Not listed",130,77
"Canning",1900,1970,"Not listed",1411,691
"Central Victoria",1900,1970,"Not listed",17955,1465
"Central West Coast",1900,1970,"Not listed",2450,1230
"Cobourg",1900,1970,"Not listed",2079,613
"Coorong",1900,1970,"Endangered",18,6
"Hawkesbury Shelf",1900,1970,"Not listed",63172,4944
"Kimberley",1900,1970,"Not listed",1681,833
"Lucinda-Mackay Coast",1900,1970,"Not listed",5624,2046
"Ningaloo",1900,1970,"Not listed",1111,618
"Anson Beagle",1900,1970,"Not listed",3731,1632
"North Spencer Gulf",1900,1970,"Not listed",345,231
"Pilbarra (nearshore)",1900,1970,"Not listed",1717,953
"Pilbarra (offshore)",1900,1970,"Not listed",1638,496
"Ribbons",1900,1970,"Not listed",4548,1403
"St Vincent Gulf",1900,1970,"Not listed",9161,2005
"Tiwi",1900,1970,"Not listed",292,193
"WA South Coast",1900,1970,"Not listed",6754,2123
"Wet Tropic Coast",1900,1970,"Not listed",8000,2897
"Central Reef",1900,1970,"Not listed",4724,1619
"Pompey-Swains",1900,1970,"Not listed",1964,961
"East Cape York",1900,1970,"Not listed",2757,1351
"Freycinet",1900,1970,"Not listed",3103,1169
"Hawkesbury Shelf",1900,1970,"Endangered",354,10
"King Sound",1900,1970,"Not listed",170,130
"Mackay-Capricorn",1900,1970,"Not listed",15043,3101
"Murat",1900,1970,"Not listed",1862,696
"Pellew",1900,1970,"Not listed",1264,337
"Shark Bay",1900,1970,"Not listed",3040,574
"Shoalwater Coast",1900,1970,"Not listed",4287,1720
"Torres Strait",1900,1970,"Not listed",503,315
"Tweed-Moreton",1900,1970,"Endangered",61,14
"Tweed-Moreton",1900,1970,"Vulnerable",79,17
"Victorian Embayments",1900,1970,"Endangered",37,10
"Wet Tropic Coast",1900,1970,"Endangered",18,5
"Flinders",1900,1970,"Not listed",11010,1668
"Bruny",1900,1970,"Vulnerable",6,4
"Davey",1900,1970,"Not listed",879,473
"Hawkesbury Shelf",1900,1970,"Vulnerable",2896,20
"Anson Beagle",1900,1970,"Endangered",8,2
"Arnhem Wessel",1900,1970,"Not listed",785,410
"Central Bass Strait",1900,1970,"Not listed",2035,359
"Franklin",1900,1970,"Not listed",712,409
"Groote",1900,1970,"Not listed",1552,816
"West Cape York",1900,1970,"Not listed",2522,919
"Otway",1900,1970,"Endangered",126,13
"St Vincent Gulf",1900,1970,"Endangered",22,7
"St Vincent Gulf",1900,1970,"Vulnerable",21,7
"Hawkesbury Shelf",1900,1970,"Critically Endangered",14,3
"Murat",1900,1970,"Vulnerable",3,2
"Eyre",1900,1970,"Endangered",68,10
"Otway",1900,1970,"Critically Endangered",2,1
"Boags",1900,1970,"Endangered",16,4
"Otway",1900,1970,"Vulnerable",148,10
"Van Diemens Gulf",1900,1970,"Not listed",349,198
"WA South Coast",1900,1970,"Conservation Dependent",4,1
"Zuytdorp",1900,1970,"Not listed",6729,398
"Arafura",1900,1970,"Not listed",3821,317
"Boags",1900,1970,"Conservation Dependent",1036,1
"Bruny",1900,1970,"Conservation Dependent",1264,2
"Cobourg",1900,1970,"Vulnerable",73,6
"Coorong",1900,1970,"Vulnerable",9,4
"Eucla",1900,1970,"Not listed",15782,788
"Flinders",1900,1970,"Conservation Dependent",300,2
"Flinders",1900,1970,"Endangered",20,6
"Leeuwin-Naturaliste",1900,1970,"Endangered",8,2
"Otway",1900,1970,"Conservation Dependent",590,2
"Twofold Shelf",1900,1970,"Conservation Dependent",38,4
"Victorian Embayments",1900,1970,"Conservation Dependent",2088,2
"Victorian Embayments",1900,1970,"Vulnerable",72,9
"West Cape York",1900,1970,"Endangered",5,2
"Bruny",1900,1970,"Endangered",8,7
"Carpentaria",1900,1970,"Not listed",4161,295
"East Cape York",1900,1970,"Endangered",3,2
"East Cape York",1900,1970,"Vulnerable",11,8
"Flinders",1900,1970,"Critically Endangered",2,2
"Freycinet",1900,1970,"Endangered",10,6
"Mackay-Capricorn",1900,1970,"Vulnerable",55,5
"WA South Coast",1900,1970,"Vulnerable",19,8
"Wellesley",1900,1970,"Not listed",887,479
"West Cape York",1900,1970,"Vulnerable",2,2
"Arafura",1900,1970,"Conservation Dependent",15,2
"Carpentaria",1900,1970,"Conservation Dependent",19,2
"Central Bass Strait",1900,1970,"Conservation Dependent",67,2
"Eucla",1900,1970,"Conservation Dependent",169,3
"Eyre",1900,1970,"Conservation Dependent",332,2
"Mackay-Capricorn",1900,1970,"Endangered",10,4
"Northwest Shelf",1900,1970,"Not listed",5762,482
"Northwest Shelf",1900,1970,"Conservation Dependent",9,3
"Northwest Shelf",1900,1970,"Vulnerable",3,1
"Oceanic Shoals",1900,1970,"Not listed",1601,171
"Twofold Shelf",1900,1970,"Vulnerable",40,8
"Zuytdorp",1900,1970,"Vulnerable",8,3
"Central Victoria",1900,1970,"Endangered",29,9
"Central Victoria",1900,1970,"Vulnerable",35,8
"Karumba-Nassau",1900,1970,"Not listed",3152,751
"Central West Coast",1900,1970,"Vulnerable",2,2
"Cobourg",1900,1970,"Endangered",25,3
"Eighty Mile Beach",1900,1970,"Not listed",99,84
"Spencer Gulf",1900,1970,"Vulnerable",2,2
"WA South Coast",1900,1970,"Endangered",16,6
"Hawkesbury Shelf",1981,1985,"Not listed",9182,1575
"Batemans Shelf",1981,1985,"Not listed",4946,959
"Tweed-Moreton",1981,1985,"Not listed",13348,2529
"Twofold Shelf",1981,1985,"Not listed",9893,1903
"Anson Beagle",1981,1985,"Not listed",5639,1483
"Cobourg",1981,1985,"Not listed",4512,1433
"Lucinda-Mackay Coast",1981,1985,"Not listed",4562,1355
"Wet Tropic Coast",1981,1985,"Not listed",2191,967
"Mackay-Capricorn",1981,1985,"Not listed",6602,1494
"Shoalwater Coast",1981,1985,"Not listed",828,484
"Tweed-Moreton",1981,1985,"Vulnerable",40,15
"West Cape York",1981,1985,"Not listed",1835,722
"Spencer Gulf",1981,1985,"Endangered",30,3
"Spencer Gulf",1981,1985,"Not listed",885,433
"Coorong",1981,1985,"Not listed",2356,510
"Eyre",1981,1985,"Not listed",5244,1093
"Otway",1981,1985,"Not listed",5947,1393
"St Vincent Gulf",1981,1985,"Not listed",7986,894
"Boags",1981,1985,"Not listed",1753,642
"Boags",1981,1985,"Vulnerable",59,5
"Bruny",1981,1985,"Not listed",2107,825
"Franklin",1981,1985,"Endangered",30,4
"Franklin",1981,1985,"Not listed",1988,657
"Central Victoria",1981,1985,"Not listed",5442,964
"Victorian Embayments",1981,1985,"Not listed",28784,1434
"WA South Coast",1981,1985,"Not listed",2712,1212
"Central West Coast",1981,1985,"Not listed",2255,892
"Pilbarra (nearshore)",1981,1985,"Not listed",1036,646
"Abrolhos Islands",1981,1985,"Not listed",275,166
"Arafura",1981,1985,"Conservation Dependent",16,1
"Arafura",1981,1985,"Not listed",2938,371
"Arnhem Wessel",1981,1985,"Not listed",801,224
"Batemans Shelf",1981,1985,"Endangered",18,4
"Batemans Shelf",1981,1985,"Vulnerable",54,8
"Boags",1981,1985,"Endangered",10,4
"Bruny",1981,1985,"Conservation Dependent",20,2
"Bruny",1981,1985,"Vulnerable",269,10
"Cambridge-Bonaparte",1981,1985,"Not listed",39,32
"Canning",1981,1985,"Not listed",576,352
"Carpentaria",1981,1985,"Conservation Dependent",9,1
"Carpentaria",1981,1985,"Not listed",2277,254
"Central Bass Strait",1981,1985,"Not listed",1991,546
"Central Bass Strait",1981,1985,"Vulnerable",248,8
"Central Reef",1981,1985,"Not listed",2544,1033
"Central Victoria",1981,1985,"Endangered",82,5
"Central Victoria",1981,1985,"Vulnerable",95,9
"Cobourg",1981,1985,"Conservation Dependent",19,1
"Coorong",1981,1985,"Endangered",93,4
"Coorong",1981,1985,"Vulnerable",63,6
"Davey",1981,1985,"Conservation Dependent",8,2
"Davey",1981,1985,"Not listed",781,304
"Davey",1981,1985,"Endangered",17,4
"East Cape York",1981,1985,"Not listed",1878,507
"East Cape York",1981,1985,"Vulnerable",3,2
"Eighty Mile Beach",1981,1985,"Not listed",41,34
"Eucla",1981,1985,"Conservation Dependent",30,2
"Eucla",1981,1985,"Not listed",1914,344
"Eyre",1981,1985,"Conservation Dependent",5,2
"Flinders",1981,1985,"Endangered",24,5
"Flinders",1981,1985,"Not listed",4273,1183
"Flinders",1981,1985,"Vulnerable",240,11
"Franklin",1981,1985,"Vulnerable",430,9
"Freycinet",1981,1985,"Conservation Dependent",17,3
"Freycinet",1981,1985,"Endangered",15,4
"Freycinet",1981,1985,"Not listed",2834,1076
"Groote",1981,1985,"Not listed",1472,435
"Hawkesbury Shelf",1981,1985,"Vulnerable",462,8
"Hawkesbury Shelf",1981,1985,"Endangered",55,7
"Karumba-Nassau",1981,1985,"Not listed",845,288
"Karumba-Nassau",1981,1985,"Vulnerable",2,1
"King Sound",1981,1985,"Not listed",274,87
"Leeuwin-Naturaliste",1981,1985,"Not listed",2903,892
"Mackay-Capricorn",1981,1985,"Endangered",13,3
"Mackay-Capricorn",1981,1985,"Vulnerable",14,4
"Manning Shelf",1981,1985,"Not listed",2204,773
"Manning Shelf",1981,1985,"Endangered",5,2
"Manning Shelf",1981,1985,"Vulnerable",7,3
"Murat",1981,1985,"Conservation Dependent",8,2
"Murat",1981,1985,"Not listed",1914,334
"North Spencer Gulf",1981,1985,"Not listed",341,159
"Northwest Shelf",1981,1985,"Not listed",22513,1798
"Otway",1981,1985,"Vulnerable",443,12
"Otway",1981,1985,"Endangered",458,9
"Pellew",1981,1985,"Not listed",925,202
"Pilbarra (offshore)",1981,1985,"Not listed",12650,1347
"Pompey-Swains",1981,1985,"Not listed",2599,838
"Ribbons",1981,1985,"Not listed",7929,1958
"Ribbons",1981,1985,"Endangered",8,1
"Ribbons",1981,1985,"Vulnerable",22,2
"Shark Bay",1981,1985,"Not listed",582,288
"Shoalwater Coast",1981,1985,"Vulnerable",1,1
"St Vincent Gulf",1981,1985,"Vulnerable",13,10
"Torres Strait",1981,1985,"Not listed",665,347
"Tweed-Moreton",1981,1985,"Endangered",20,12
"Twofold Shelf",1981,1985,"Endangered",33,8
"Twofold Shelf",1981,1985,"Vulnerable",213,12
"Victorian Embayments",1981,1985,"Endangered",32,6
"Victorian Embayments",1981,1985,"Vulnerable",24,7
"WA South Coast",1981,1985,"Conservation Dependent",1,1
"Wellesley",1981,1985,"Not listed",677,201
"Zuytdorp",1981,1985,"Not listed",315,198
"Batemans Shelf",1981,1985,"Conservation Dependent",2,2
"St Vincent Gulf",1981,1985,"Endangered",42,2
"Central Bass Strait",1981,1985,"Endangered",6,2
"Lucinda-Mackay Coast",1981,1985,"Vulnerable",3,1
"Van Diemens Gulf",1981,1985,"Not listed",245,173
"Leeuwin-Naturaliste",1986,1990,"Not listed",1434,740
"Canning",1986,1990,"Not listed",733,421
"Central West Coast",1986,1990,"Not listed",1072,583
"Kimberley",1986,1990,"Not listed",2630,1110
"Pilbarra (offshore)",1986,1990,"Not listed",8360,733
"WA South Coast",1986,1990,"Not listed",1803,1016
"Zuytdorp",1986,1990,"Not listed",262,128
"Tweed-Moreton",1986,1990,"Not listed",21208,2606
"Franklin",1986,1990,"Not listed",349,238
"Abrolhos Islands",1986,1990,"Not listed",732,307
"Anson Beagle",1986,1990,"Not listed",6960,1095
"Anson Beagle",1986,1990,"Vulnerable",1,1
"Arafura",1986,1990,"Not listed",1942,576
"Arafura",1986,1990,"Conservation Dependent",7,1
"Arafura",1986,1990,"Vulnerable",9,3
"Arnhem Wessel",1986,1990,"Not listed",1055,619
"Batemans Shelf",1986,1990,"Not listed",10687,1583
"Boags",1986,1990,"Endangered",6,4
"Boags",1986,1990,"Not listed",973,563
"Bonaparte Gulf",1986,1990,"Not listed",336,169
"Bruny",1986,1990,"Not listed",1390,578
"Bruny",1986,1990,"Critically Endangered",2,2
"Bruny",1986,1990,"Endangered",51,4
"Bruny",1986,1990,"Vulnerable",252,11
"Cambridge-Bonaparte",1986,1990,"Not listed",180,45
"Carpentaria",1986,1990,"Not listed",10539,766
"Central Bass Strait",1986,1990,"Not listed",210,108
"Central Reef",1986,1990,"Not listed",3277,582
"Central Victoria",1986,1990,"Not listed",7215,660
"Central Victoria",1986,1990,"Conservation Dependent",1,1
"Cobourg",1986,1990,"Not listed",1619,841
"Coorong",1986,1990,"Not listed",3646,364
"Davey",1986,1990,"Not listed",568,278
"Davey",1986,1990,"Vulnerable",36,6
"East Cape York",1986,1990,"Not listed",1853,429
"East Cape York",1986,1990,"Vulnerable",12,3
"Eighty Mile Beach",1986,1990,"Not listed",8,8
"Eucla",1986,1990,"Endangered",338,3
"Eucla",1986,1990,"Not listed",966,119
"Eyre",1986,1990,"Not listed",2676,672
"Eyre",1986,1990,"Endangered",129,8
"Eyre",1986,1990,"Vulnerable",13,8
"Flinders",1986,1990,"Not listed",7732,737
"Freycinet",1986,1990,"Not listed",1503,558
"Groote",1986,1990,"Not listed",1024,491
"Hawkesbury Shelf",1986,1990,"Not listed",23578,1442
"Hawkesbury Shelf",1986,1990,"Vulnerable",313,11
"Hawkesbury Shelf",1986,1990,"Endangered",77,8
"Karumba-Nassau",1986,1990,"Not listed",908,317
"King Sound",1986,1990,"Not listed",25,20
"Leeuwin-Naturaliste",1986,1990,"Endangered",10,5
"Lucinda-Mackay Coast",1986,1990,"Not listed",3907,1163
"Mackay-Capricorn",1986,1990,"Not listed",10315,1017
"Manning Shelf",1986,1990,"Not listed",5381,667
"Manning Shelf",1986,1990,"Vulnerable",7,5
"Murat",1986,1990,"Endangered",20,4
"Murat",1986,1990,"Not listed",142,100
"Ningaloo",1986,1990,"Not listed",263,121
"North Spencer Gulf",1986,1990,"Not listed",422,101
"Northwest Shelf",1986,1990,"Not listed",10140,559
"Oceanic Shoals",1986,1990,"Not listed",935,415
"Otway",1986,1990,"Not listed",6461,795
"Otway",1986,1990,"Endangered",404,9
"Otway",1986,1990,"Vulnerable",140,14
"Pellew",1986,1990,"Not listed",808,422
"Pilbarra (nearshore)",1986,1990,"Not listed",729,408
"Pompey-Swains",1986,1990,"Not listed",3202,400
"Ribbons",1986,1990,"Not listed",3873,825
"Shark Bay",1986,1990,"Not listed",382,245
"Shoalwater Coast",1986,1990,"Not listed",2434,815
"Spencer Gulf",1986,1990,"Not listed",192,94
"St Vincent Gulf",1986,1990,"Not listed",4346,613
"Tiwi",1986,1990,"Not listed",231,147
"Torres Strait",1986,1990,"Not listed",752,443
"Tweed-Moreton",1986,1990,"Critically Endangered",15,2
"Tweed-Moreton",1986,1990,"Endangered",46,8
"Twofold Shelf",1986,1990,"Not listed",7537,1422
"Twofold Shelf",1986,1990,"Endangered",54,7
"Van Diemens Gulf",1986,1990,"Not listed",411,189
"Victorian Embayments",1986,1990,"Not listed",39162,1458
"WA South Coast",1986,1990,"Endangered",13,4
"WA South Coast",1986,1990,"Vulnerable",7,4
"Wellesley",1986,1990,"Not listed",642,314
"West Cape York",1986,1990,"Not listed",11046,741
"West Cape York",1986,1990,"Vulnerable",14,2
"Wet Tropic Coast",1986,1990,"Not listed",4203,826
"WA South Coast",1981,1985,"Endangered",4,3
"WA South Coast",1981,1985,"Vulnerable",8,3
"Wet Tropic Coast",1991,1995,"Not listed",4987,795
"East Cape York",1991,1995,"Not listed",8915,1110
"Lucinda-Mackay Coast",1991,1995,"Not listed",3480,1148
"Mackay-Capricorn",1991,1995,"Not listed",5726,917
"Shoalwater Coast",1991,1995,"Not listed",4704,1608
"Tweed-Moreton",1991,1995,"Not listed",52825,2889
"Tweed-Moreton",1991,1995,"Vulnerable",117,20
"West Cape York",1991,1995,"Not listed",12957,592
"Coorong",1991,1995,"Not listed",3658,253
"Eucla",1991,1995,"Not listed",348,148
"Eyre",1991,1995,"Not listed",5144,775
"Murat",1991,1995,"Endangered",5,2
"Murat",1991,1995,"Not listed",832,218
"North Spencer Gulf",1991,1995,"Not listed",147,79
"Spencer Gulf",1991,1995,"Not listed",231,134
"St Vincent Gulf",1991,1995,"Not listed",3611,854
"Boags",1991,1995,"Not listed",6276,678
"Bruny",1991,1995,"Not listed",70273,876
"Flinders",1991,1995,"Not listed",10092,552
"Freycinet",1991,1995,"Not listed",17767,667
"Central Victoria",1991,1995,"Not listed",10216,386
"Otway",1991,1995,"Not listed",5779,769
"Victorian Embayments",1991,1995,"Not listed",35702,1274
"Abrolhos Islands",1991,1995,"Not listed",1457,362
"Cambridge-Bonaparte",1991,1995,"Not listed",225,80
"Central West Coast",1991,1995,"Not listed",591,297
"Kimberley",1991,1995,"Not listed",3214,1206
"Leeuwin-Naturaliste",1991,1995,"Not listed",1545,729
"Pilbarra (offshore)",1991,1995,"Not listed",4128,912
"WA South Coast",1991,1995,"Not listed",1401,578
"Anson Beagle",1991,1995,"Not listed",15218,1626
"Arafura",1991,1995,"Not listed",1201,331
"Arnhem Wessel",1991,1995,"Not listed",3564,631
"Batemans Shelf",1991,1995,"Not listed",14648,1233
"Batemans Shelf",1991,1995,"Endangered",63,6
"Batemans Shelf",1991,1995,"Conservation Dependent",63,1
"Bonaparte Gulf",1991,1995,"Not listed",474,370
"Bruny",1991,1995,"Critically Endangered",13,4
"Bruny",1991,1995,"Endangered",92,5
"Bruny",1991,1995,"Vulnerable",106,13
"Canning",1991,1995,"Not listed",851,310
"Carpentaria",1991,1995,"Not listed",7842,687
"Central Reef",1991,1995,"Not listed",5575,533
"Cobourg",1991,1995,"Not listed",1834,486
"Coorong",1991,1995,"Endangered",172,7
"Davey",1991,1995,"Endangered",75,4
"Davey",1991,1995,"Not listed",1870,277
"Davey",1991,1995,"Vulnerable",64,9
"East Cape York",1991,1995,"Endangered",3,2
"East Cape York",1991,1995,"Vulnerable",12,3
"Eighty Mile Beach",1991,1995,"Not listed",116,66
"Eucla",1991,1995,"Endangered",52,4
"Eyre",1991,1995,"Endangered",194,8
"Eyre",1991,1995,"Vulnerable",12,7
"Flinders",1991,1995,"Conservation Dependent",13,1
"Franklin",1991,1995,"Endangered",6,2
"Franklin",1991,1995,"Not listed",1079,217
"Groote",1991,1995,"Not listed",4444,702
"Hawkesbury Shelf",1991,1995,"Not listed",19587,1441
"Karumba-Nassau",1991,1995,"Not listed",74,50
"Lucinda-Mackay Coast",1991,1995,"Endangered",10,4
"Lucinda-Mackay Coast",1991,1995,"Vulnerable",5,4
"Manning Shelf",1991,1995,"Not listed",9188,696
"Manning Shelf",1991,1995,"Vulnerable",11,6
"Murat",1991,1995,"Vulnerable",3,1
"Ningaloo",1991,1995,"Not listed",287,125
"Northwest Shelf",1991,1995,"Not listed",4269,468
"Oceanic Shoals",1991,1995,"Not listed",201,104
"Pellew",1991,1995,"Not listed",2857,212
"Pilbarra (nearshore)",1991,1995,"Not listed",1302,420
"Pompey-Swains",1991,1995,"Not listed",6461,450
"Ribbons",1991,1995,"Not listed",38093,1642
"Shark Bay",1991,1995,"Not listed",390,253
"Shoalwater Coast",1991,1995,"Endangered",6,3
"St Vincent Gulf",1991,1995,"Vulnerable",6,4
"Tiwi",1991,1995,"Not listed",1037,305
"Torres Strait",1991,1995,"Not listed",1597,452
"Tweed-Moreton",1991,1995,"Endangered",72,16
"Twofold Shelf",1991,1995,"Not listed",13536,1646
"Twofold Shelf",1991,1995,"Conservation Dependent",127,3
"Twofold Shelf",1991,1995,"Endangered",111,8
"Van Diemens Gulf",1991,1995,"Not listed",2193,285
"Van Diemens Gulf",1991,1995,"Vulnerable",27,2
"WA South Coast",1991,1995,"Vulnerable",9,3
"West Cape York",1991,1995,"Vulnerable",15,3
"Wet Tropic Coast",1991,1995,"Endangered",17,3
"Zuytdorp",1991,1995,"Not listed",227,134
"Batemans Shelf",1996,2000,"Not listed",10422,1205
"Batemans Shelf",1996,2000,"Endangered",99,6
"Hawkesbury Shelf",1996,2000,"Not listed",8611,1387
"Hawkesbury Shelf",1996,2000,"Vulnerable",343,20
"Manning Shelf",1996,2000,"Not listed",4123,755
"Tweed-Moreton",1996,2000,"Not listed",24779,2330
"Twofold Shelf",1996,2000,"Not listed",13708,1341
"Anson Beagle",1996,2000,"Not listed",7074,1131
"Arnhem Wessel",1996,2000,"Not listed",3442,571
"Arnhem Wessel",1996,2000,"Endangered",59,2
"Arnhem Wessel",1996,2000,"Vulnerable",303,5
"Groote",1996,2000,"Not listed",24565,846
"Groote",1996,2000,"Vulnerable",783,4
"Van Diemens Gulf",1996,2000,"Not listed",1536,342
"Lucinda-Mackay Coast",1996,2000,"Not listed",11580,984
"Central Reef",1996,2000,"Not listed",9981,459
"Wet Tropic Coast",1996,2000,"Not listed",11597,1030
"East Cape York",1996,2000,"Endangered",85,1
"East Cape York",1996,2000,"Vulnerable",172,4
"Karumba-Nassau",1996,2000,"Not listed",6033,551
"Mackay-Capricorn",1996,2000,"Not listed",5410,932
"Shoalwater Coast",1996,2000,"Endangered",202,1
"Shoalwater Coast",1996,2000,"Vulnerable",279,5
"Tweed-Moreton",1996,2000,"Endangered",107,12
"Tweed-Moreton",1996,2000,"Vulnerable",185,22
"West Cape York",1996,2000,"Not listed",7080,627
"Otway",1996,2000,"Not listed",11795,1118
"Coorong",1996,2000,"Endangered",71,6
"Coorong",1996,2000,"Not listed",1966,361
"Eyre",1996,2000,"Endangered",330,5
"Eyre",1996,2000,"Not listed",3259,745
"Murat",1996,2000,"Not listed",762,182
"North Spencer Gulf",1996,2000,"Not listed",2066,245
"Spencer Gulf",1996,2000,"Not listed",2457,296
"St Vincent Gulf",1996,2000,"Not listed",5359,677
"Central Victoria",1996,2000,"Not listed",18214,959
"Victorian Embayments",1996,2000,"Not listed",39049,1137
"Shark Bay",1996,2000,"Not listed",723,229
"Canning",1996,2000,"Not listed",5103,399
"Kimberley",1996,2000,"Not listed",2190,686
"Leeuwin-Naturaliste",1996,2000,"Not listed",4013,852
"Zuytdorp",1996,2000,"Not listed",394,168
"Abrolhos Islands",1996,2000,"Not listed",827,192
"Anson Beagle",1996,2000,"Vulnerable",153,4
"Batemans Shelf",1996,2000,"Vulnerable",47,9
"Boags",1996,2000,"Not listed",3482,479
"Bruny",1996,2000,"Conservation Dependent",287,4
"Bruny",1996,2000,"Endangered",50,8
"Bruny",1996,2000,"Not listed",10360,670
"Carpentaria",1996,2000,"Not listed",12769,418
"Carpentaria",1996,2000,"Conservation Dependent",6,1
"Carpentaria",1996,2000,"Vulnerable",4,2
"Central Bass Strait",1996,2000,"Not listed",354,180
"Central Victoria",1996,2000,"Endangered",117,4
"Central West Coast",1996,2000,"Not listed",2559,567
"Cobourg",1996,2000,"Not listed",1921,372
"Cobourg",1996,2000,"Vulnerable",79,3
"Davey",1996,2000,"Not listed",584,178
"East Cape York",1996,2000,"Not listed",1574,323
"Eucla",1996,2000,"Endangered",18,4
"Eucla",1996,2000,"Not listed",877,251
"Flinders",1996,2000,"Endangered",70,3
"Flinders",1996,2000,"Not listed",16904,918
"Franklin",1996,2000,"Not listed",637,232
"Groote",1996,2000,"Endangered",6,1
"Hawkesbury Shelf",1996,2000,"Critically Endangered",15,2
"Hawkesbury Shelf",1996,2000,"Endangered",125,9
"Karumba-Nassau",1996,2000,"Vulnerable",48,3
"King Sound",1996,2000,"Not listed",239,77
"Leeuwin-Naturaliste",1996,2000,"Endangered",14,4
"Lucinda-Mackay Coast",1996,2000,"Vulnerable",152,4
"Mackay-Capricorn",1996,2000,"Endangered",40,3
"Mackay-Capricorn",1996,2000,"Vulnerable",39,6
"Manning Shelf",1996,2000,"Vulnerable",18,8
"Manning Shelf",1996,2000,"Critically Endangered",1,1
"Manning Shelf",1996,2000,"Endangered",17,6
"Ningaloo",1996,2000,"Not listed",1720,350
"North Spencer Gulf",1996,2000,"Endangered",4,2
"Northwest Shelf",1996,2000,"Not listed",2438,395
"Oceanic Shoals",1996,2000,"Not listed",5974,334
"Oceanic Shoals",1996,2000,"Conservation Dependent",2,1
"Otway",1996,2000,"Endangered",498,8
"Otway",1996,2000,"Vulnerable",187,12
"Pellew",1996,2000,"Not listed",7187,460
"Pilbarra (nearshore)",1996,2000,"Not listed",9155,1900
"Pilbarra (offshore)",1996,2000,"Not listed",2264,561
"Pompey-Swains",1996,2000,"Not listed",11313,660
"Ribbons",1996,2000,"Endangered",20,1
"Ribbons",1996,2000,"Not listed",12084,657
"Ribbons",1996,2000,"Vulnerable",52,3
"Shoalwater Coast",1996,2000,"Not listed",4118,604
"Spencer Gulf",1996,2000,"Endangered",14,2
"St Vincent Gulf",1996,2000,"Endangered",46,8
"St Vincent Gulf",1996,2000,"Vulnerable",3,3
"Tiwi",1996,2000,"Conservation Dependent",2,1
"Tiwi",1996,2000,"Not listed",1665,672
"Torres Strait",1996,2000,"Not listed",3669,453
"Torres Strait",1996,2000,"Vulnerable",236,3
"Twofold Shelf",1996,2000,"Conservation Dependent",169,5
"Twofold Shelf",1996,2000,"Endangered",80,6
"Twofold Shelf",1996,2000,"Vulnerable",82,12
"Van Diemens Gulf",1996,2000,"Vulnerable",23,3
"WA South Coast",1996,2000,"Not listed",2871,594
"WA South Coast",1996,2000,"Endangered",4,4
"Wellesley",1996,2000,"Not listed",9820,410
"West Cape York",1996,2000,"Endangered",55,1
"West Cape York",1996,2000,"Vulnerable",89,4
"Wet Tropic Coast",1996,2000,"Endangered",9,7
"Wet Tropic Coast",1996,2000,"Vulnerable",19,7
"Twofold Shelf",1996,2000,"Critically Endangered",2,2
"Davey",1996,2000,"Vulnerable",18,5
"Eighty Mile Beach",1996,2000,"Not listed",123,52
"Freycinet",1996,2000,"Not listed",2372,429
"Lucinda-Mackay Coast",1996,2000,"Endangered",135,2
"Central Victoria",1996,2000,"Vulnerable",51,7
"Victorian Embayments",1996,2000,"Critically Endangered",3,1
"Central Reef",1996,2000,"Endangered",5,3
"Pompey-Swains",1996,2000,"Endangered",23,2
"Pompey-Swains",1996,2000,"Vulnerable",33,3
"Victorian Embayments",1996,2000,"Endangered",18,6
"Victorian Embayments",1996,2000,"Vulnerable",17,3
"Kimberley",2006,2010,"Not listed",2209,825
"Abrolhos Islands",2006,2010,"Not listed",2034,270
"Cambridge-Bonaparte",2006,2010,"Not listed",126,82
"Canning",2006,2010,"Not listed",9362,434
"Eucla",2006,2010,"Not listed",2454,214
"King Sound",2006,2010,"Not listed",364,128
"Leeuwin-Naturaliste",2006,2010,"Not listed",10155,873
"Pilbarra (nearshore)",2006,2010,"Not listed",2477,368
"Shark Bay",2006,2010,"Not listed",1364,313
"WA South Coast",2006,2010,"Not listed",3139,508
"Zuytdorp",2006,2010,"Not listed",474,117
"Twofold Shelf",2006,2010,"Not listed",15291,816
"Hawkesbury Shelf",2006,2010,"Not listed",63249,1337
"Hawkesbury Shelf",2006,2010,"Vulnerable",442,15
"Anson Beagle",2006,2010,"Not listed",7353,800
"Anson Beagle",2006,2010,"Vulnerable",34,3
"Arafura",2006,2010,"Not listed",21,13
"Arnhem Wessel",2006,2010,"Endangered",128,1
"Arnhem Wessel",2006,2010,"Not listed",275,128
"Batemans Shelf",2006,2010,"Not listed",14899,905
"Batemans Shelf",2006,2010,"Vulnerable",177,13
"Batemans Shelf",2006,2010,"Endangered",136,6
"Boags",2006,2010,"Not listed",11054,934
"Boags",2006,2010,"Endangered",9,3
"Boags",2006,2010,"Vulnerable",4,2
"Bruny",2006,2010,"Not listed",25035,1289
"Bruny",2006,2010,"Vulnerable",60,8
"Bruny",2006,2010,"Endangered",50,4
"Carpentaria",2006,2010,"Not listed",66,16
"Central Bass Strait",2006,2010,"Not listed",148,60
"Central Bass Strait",2006,2010,"Vulnerable",4,1
"Central Reef",2006,2010,"Not listed",16415,618
"Central Victoria",2006,2010,"Not listed",8112,617
"Central Victoria",2006,2010,"Endangered",152,4
"Central Victoria",2006,2010,"Vulnerable",58,6
"Central West Coast",2006,2010,"Not listed",6720,760
"Central West Coast",2006,2010,"Vulnerable",20,5
"Cobourg",2006,2010,"Not listed",1128,247
"Coorong",2006,2010,"Endangered",470,4
"Coorong",2006,2010,"Not listed",1821,342
"Coorong",2006,2010,"Vulnerable",2,2
"Davey",2006,2010,"Not listed",5345,525
"East Cape York",2006,2010,"Not listed",1626,340
"Eucla",2006,2010,"Endangered",47,4
"Eyre",2006,2010,"Not listed",18750,731
"Eyre",2006,2010,"Endangered",117,9
"Eyre",2006,2010,"Vulnerable",25,7
"Flinders",2006,2010,"Not listed",3503,648
"Flinders",2006,2010,"Vulnerable",1,1
"Franklin",2006,2010,"Not listed",1711,342
"Franklin",2006,2010,"Endangered",32,3
"Freycinet",2006,2010,"Not listed",28820,974
"Groote",2006,2010,"Endangered",3,1
"Groote",2006,2010,"Not listed",687,340
"Groote",2006,2010,"Vulnerable",3007,2
"Hawkesbury Shelf",2006,2010,"Endangered",158,10
"Karumba-Nassau",2006,2010,"Not listed",214,73
"Leeuwin-Naturaliste",2006,2010,"Conservation Dependent",131,2
"Leeuwin-Naturaliste",2006,2010,"Endangered",12,6
"Leeuwin-Naturaliste",2006,2010,"Vulnerable",14,3
"Lucinda-Mackay Coast",2006,2010,"Not listed",37597,843
"Lucinda-Mackay Coast",2006,2010,"Endangered",1,1
"Mackay-Capricorn",2006,2010,"Not listed",11219,1207
"Manning Shelf",2006,2010,"Not listed",18836,1036
"Manning Shelf",2006,2010,"Endangered",32,8
"Manning Shelf",2006,2010,"Vulnerable",181,12
"Murat",2006,2010,"Not listed",1203,180
"Ningaloo",2006,2010,"Not listed",95949,1433
"Ningaloo",2006,2010,"Vulnerable",4,2
"North Spencer Gulf",2006,2010,"Endangered",6,1
"North Spencer Gulf",2006,2010,"Not listed",1044,262
"Northwest Shelf",2006,2010,"Not listed",2515,631
"Otway",2006,2010,"Endangered",672,9
"Otway",2006,2010,"Not listed",10568,844
"Otway",2006,2010,"Vulnerable",251,12
"Pellew",2006,2010,"Not listed",403,86
"Pilbarra (offshore)",2006,2010,"Not listed",1231,497
"Pompey-Swains",2006,2010,"Not listed",14161,269
"Ribbons",2006,2010,"Not listed",17609,1918
"Ribbons",2006,2010,"Vulnerable",8,2
"Shoalwater Coast",2006,2010,"Not listed",6919,514
"Spencer Gulf",2006,2010,"Not listed",2905,367
"St Vincent Gulf",2006,2010,"Endangered",66,5
"St Vincent Gulf",2006,2010,"Not listed",9456,787
"St Vincent Gulf",2006,2010,"Vulnerable",35,7
"Tiwi",2006,2010,"Not listed",77,35
"Tweed-Moreton",2006,2010,"Not listed",41713,1950
"Tweed-Moreton",2006,2010,"Vulnerable",297,17
"Tweed-Moreton",2006,2010,"Endangered",90,10
"Twofold Shelf",2006,2010,"Endangered",85,5
"Twofold Shelf",2006,2010,"Vulnerable",78,10
"Van Diemens Gulf",2006,2010,"Not listed",283,12
"Victorian Embayments",2006,2010,"Not listed",60708,1390
"Victorian Embayments",2006,2010,"Endangered",51,6
"Victorian Embayments",2006,2010,"Vulnerable",19,3
"WA South Coast",2006,2010,"Conservation Dependent",206,1
"WA South Coast",2006,2010,"Endangered",44,9
"Wellesley",2006,2010,"Not listed",1034,200
"West Cape York",2006,2010,"Not listed",1528,378
"West Cape York",2006,2010,"Endangered",4,2
"West Cape York",2006,2010,"Vulnerable",13,4
"Wet Tropic Coast",2006,2010,"Not listed",14309,833
"Wet Tropic Coast",2006,2010,"Endangered",1,1
"Zuytdorp",2006,2010,"Vulnerable",3,2
"Central West Coast",2006,2010,"Endangered",8,4
"Eyre",2006,2010,"Extinct",4,1
"Flinders",2006,2010,"Endangered",17,2
"Kimberley",2006,2010,"Vulnerable",6,3
"St Vincent Gulf",2006,2010,"Conservation Dependent",7,1
"Tweed-Moreton",2006,2010,"Conservation Dependent",20,1
"Otway",2006,2010,"Conservation Dependent",1,1
"Cobourg",2006,2010,"Endangered",5,2
"Bruny",2006,2010,"Critically Endangered",6,2
"Oceanic Shoals",2006,2010,"Not listed",938,378
"Shoalwater Coast",2006,2010,"Endangered",9,2
"Shoalwater Coast",2006,2010,"Vulnerable",10,5
"Torres Strait",2006,2010,"Not listed",1040,321
"WA South Coast",2006,2010,"Vulnerable",42,9
"West Cape York",2006,2010,"Critically Endangered",1,1
"Batemans Shelf",2006,2010,"Critically Endangered",3,1
"Bonaparte Gulf",2006,2010,"Not listed",681,253
"Central Bass Strait",2006,2010,"Endangered",14,1
"East Cape York",2006,2010,"Vulnerable",3,3
"Freycinet",2006,2010,"Endangered",6,1
"Hawkesbury Shelf",2006,2010,"Critically Endangered",17,3
"Mackay-Capricorn",2006,2010,"Vulnerable",8,1
"Manning Shelf",2006,2010,"Conservation Dependent",45,2
"Ningaloo",2006,2010,"Conservation Dependent",60,2
"Pilbarra (offshore)",2006,2010,"Conservation Dependent",1,1
"Pompey-Swains",2006,2010,"Vulnerable",3,1
"Spencer Gulf",2006,2010,"Endangered",7,2
"St Vincent Gulf",2006,2010,"Critically Endangered",1,1
"Twofold Shelf",2006,2010,"Critically Endangered",4,1
"Victorian Embayments",2006,2010,"Critically Endangered",9,1
"Wellesley",2006,2010,"Vulnerable",1324,3
"Arafura",2006,2010,"Vulnerable",7,1
"Carpentaria",2006,2010,"Vulnerable",302,1
"Karumba-Nassau",2006,2010,"Vulnerable",1,1
"Pellew",2006,2010,"Vulnerable",445,1
"Davey",2006,2010,"Critically Endangered",1,1
"Kimberley",2006,2010,"Endangered",5,2
"Torres Strait",2006,2010,"Vulnerable",2,1
"Wet Tropic Coast",2006,2010,"Vulnerable",27,4
"Zuytdorp",2006,2010,"Endangered",9,1
"St Vincent Gulf",2016,2020,"Not listed",21686,1121
"Otway",2016,2020,"Not listed",15393,582
"Coorong",2016,2020,"Not listed",2805,336
"Eucla",2016,2020,"Not listed",638,57
"Eyre",2016,2020,"Not listed",3066,391
"Eyre",2016,2020,"Endangered",62,3
"Eyre",2016,2020,"Vulnerable",140,6
"Murat",2016,2020,"Not listed",380,92
"North Spencer Gulf",2016,2020,"Not listed",549,176
"Otway",2016,2020,"Endangered",1286,11
"Otway",2016,2020,"Vulnerable",1598,14
"Spencer Gulf",2016,2020,"Not listed",1788,351
"Spencer Gulf",2016,2020,"Endangered",10,2
"St Vincent Gulf",2016,2020,"Endangered",31,8
"Boags",2016,2020,"Not listed",7447,565
"Freycinet",2016,2020,"Not listed",4248,688
"Bruny",2016,2020,"Not listed",47747,1012
"Boags",2016,2020,"Endangered",35,2
"Boags",2016,2020,"Vulnerable",21,4
"Bruny",2016,2020,"Critically Endangered",300,2
"Bruny",2016,2020,"Endangered",232,4
"Bruny",2016,2020,"Vulnerable",219,8
"Davey",2016,2020,"Not listed",424,112
"Flinders",2016,2020,"Not listed",1924,322
"Franklin",2016,2020,"Not listed",882,185
"Franklin",2016,2020,"Endangered",4,1
"Freycinet",2016,2020,"Endangered",23,1
"Central Victoria",2016,2020,"Endangered",416,5
"Central Victoria",2016,2020,"Not listed",17114,785
"Victorian Embayments",2016,2020,"Not listed",69670,1313
"Twofold Shelf",2016,2020,"Not listed",14763,1032
"Victorian Embayments",2016,2020,"Vulnerable",96,5
"Shark Bay",2016,2020,"Not listed",1455,204
"Canning",2016,2020,"Not listed",63094,309
"WA South Coast",2016,2020,"Not listed",7873,447
"Central West Coast",2016,2020,"Not listed",3321,355
"Leeuwin-Naturaliste",2016,2020,"Not listed",36170,1096
"Abrolhos Islands",2016,2020,"Not listed",807,88
"Kimberley",2016,2020,"Not listed",1349,421
"King Sound",2016,2020,"Not listed",358,74
"Ningaloo",2016,2020,"Not listed",20918,785
"Pilbarra (nearshore)",2016,2020,"Not listed",7907,864
"Zuytdorp",2016,2020,"Not listed",940,158
"Groote",2016,2020,"Not listed",2048,219
"Lucinda-Mackay Coast",2016,2020,"Not listed",12961,963
"Shoalwater Coast",2016,2020,"Not listed",3772,426
"Ribbons",2016,2020,"Not listed",24681,1709
"Manning Shelf",2016,2020,"Not listed",20794,1267
"Tweed-Moreton",2016,2020,"Vulnerable",3105,14
"Tweed-Moreton",2016,2020,"Not listed",97843,2585
"Hawkesbury Shelf",2016,2020,"Not listed",68988,2260
"Wet Tropic Coast",2016,2020,"Not listed",99817,1084
"Anson Beagle",2016,2020,"Not listed",23897,598
"Anson Beagle",2016,2020,"Vulnerable",200,5
"Arafura",2016,2020,"Not listed",1106,284
"Arnhem Wessel",2016,2020,"Not listed",124,73
"Arnhem Wessel",2016,2020,"Vulnerable",2,2
"Batemans Shelf",2016,2020,"Not listed",46279,1166
"Batemans Shelf",2016,2020,"Endangered",145,7
"Batemans Shelf",2016,2020,"Vulnerable",2408,14
"Boags",2016,2020,"Critically Endangered",11,1
"Bonaparte Gulf",2016,2020,"Not listed",82,51
"Cambridge-Bonaparte",2016,2020,"Not listed",141,42
"Carpentaria",2016,2020,"Not listed",86,45
"Carpentaria",2016,2020,"Vulnerable",1,1
"Central Bass Strait",2016,2020,"Endangered",32,2
"Central Bass Strait",2016,2020,"Not listed",321,74
"Central Reef",2016,2020,"Not listed",17944,730
"Central Reef",2016,2020,"Vulnerable",17,2
"Central Victoria",2016,2020,"Vulnerable",98,7
"Central West Coast",2016,2020,"Endangered",36,3
"Central West Coast",2016,2020,"Vulnerable",156,5
"Cobourg",2016,2020,"Not listed",273,106
"Coorong",2016,2020,"Endangered",17,2
"Davey",2016,2020,"Endangered",32,2
"Davey",2016,2020,"Vulnerable",48,4
"East Cape York",2016,2020,"Not listed",4701,474
"Eighty Mile Beach",2016,2020,"Not listed",1122,98
"Eucla",2016,2020,"Endangered",1047,3
"Flinders",2016,2020,"Endangered",131,3
"Franklin",2016,2020,"Vulnerable",3,2
"Freycinet",2016,2020,"Vulnerable",127,4
"Groote",2016,2020,"Vulnerable",13,4
"Hawkesbury Shelf",2016,2020,"Vulnerable",3974,18
"Hawkesbury Shelf",2016,2020,"Endangered",597,14
"Hawkesbury Shelf",2016,2020,"Critically Endangered",8,4
"Kimberley",2016,2020,"Endangered",9,2
"King Sound",2016,2020,"Endangered",13,2
"King Sound",2016,2020,"Vulnerable",1,1
"Leeuwin-Naturaliste",2016,2020,"Critically Endangered",8,2
"Leeuwin-Naturaliste",2016,2020,"Endangered",110,9
"Leeuwin-Naturaliste",2016,2020,"Vulnerable",236,8
"Lucinda-Mackay Coast",2016,2020,"Vulnerable",20,4
"Lucinda-Mackay Coast",2016,2020,"Endangered",2,2
"Mackay-Capricorn",2016,2020,"Endangered",9,1
"Mackay-Capricorn",2016,2020,"Not listed",24233,859
"Mackay-Capricorn",2016,2020,"Vulnerable",111,3
"Manning Shelf",2016,2020,"Endangered",147,8
"Manning Shelf",2016,2020,"Vulnerable",3024,14
"Manning Shelf",2016,2020,"Conservation Dependent",2,1
"Manning Shelf",2016,2020,"Critically Endangered",1,1
"Murat",2016,2020,"Endangered",21,3
"Ningaloo",2016,2020,"Vulnerable",385,3
"Northwest Shelf",2016,2020,"Not listed",2484,561
"Northwest Shelf",2016,2020,"Vulnerable",2,1
"Pellew",2016,2020,"Not listed",605,139
"Pilbarra (nearshore)",2016,2020,"Vulnerable",11,5
"Pilbarra (offshore)",2016,2020,"Not listed",3570,751
"Pompey-Swains",2016,2020,"Not listed",12216,450
"Shark Bay",2016,2020,"Vulnerable",5,1
"Shoalwater Coast",2016,2020,"Vulnerable",276,3
"Spencer Gulf",2016,2020,"Vulnerable",1,1
"Tiwi",2016,2020,"Not listed",9,8
"Torres Strait",2016,2020,"Not listed",2208,236
"Tweed-Moreton",2016,2020,"Endangered",69,9
"Twofold Shelf",2016,2020,"Vulnerable",242,10
"Twofold Shelf",2016,2020,"Endangered",206,6
"Van Diemens Gulf",2016,2020,"Not listed",191,61
"Victorian Embayments",2016,2020,"Endangered",80,6
"WA South Coast",2016,2020,"Critically Endangered",6,1
"WA South Coast",2016,2020,"Endangered",219,8
"WA South Coast",2016,2020,"Vulnerable",259,10
"West Cape York",2016,2020,"Not listed",2489,281
"West Cape York",2016,2020,"Vulnerable",7,2
"Wet Tropic Coast",2016,2020,"Conservation Dependent",2,1
"Wet Tropic Coast",2016,2020,"Vulnerable",44,4
"Coorong",2016,2020,"Vulnerable",344,3
"Flinders",2016,2020,"Vulnerable",100,6
"West Cape York",2016,2020,"Critically Endangered",231,1
"Ribbons",2016,2020,"Conservation Dependent",1,1
"Ribbons",2016,2020,"Vulnerable",8,4
"Flinders",2016,2020,"Critically Endangered",3,1
"Central Bass Strait",2016,2020,"Vulnerable",9,3
"Oceanic Shoals",2016,2020,"Not listed",68,46
"Spencer Gulf",1900,1970,"Endangered",8,2
"Central Bass Strait",1900,1970,"Endangered",6,4
"Hawkesbury Shelf",1900,1970,"Conservation Dependent",4,2
"Batemans Shelf",1900,1970,"Endangered",8,5
"Groote",1900,1970,"Vulnerable",17,5
"Leeuwin-Naturaliste",1900,1970,"Vulnerable",8,5
"Twofold Shelf",1900,1970,"Critically Endangered",5,2
"Twofold Shelf",1900,1970,"Endangered",28,8
"Arnhem Wessel",1900,1970,"Vulnerable",15,1
"Wet Tropic Coast",1900,1970,"Vulnerable",6,5
"Shoalwater Coast",1900,1970,"Endangered",13,2
"Shoalwater Coast",1900,1970,"Vulnerable",19,4
"Eyre",1900,1970,"Vulnerable",16,7
"Flinders",1900,1970,"Vulnerable",21,5
"Franklin",1900,1970,"Vulnerable",2,1
"Lucinda-Mackay Coast",1900,1970,"Endangered",2,2
"Lucinda-Mackay Coast",1900,1970,"Vulnerable",2,2
"Murat",1900,1970,"Conservation Dependent",26,2
"Oceanic Shoals",1900,1970,"Conservation Dependent",4,1
"Pellew",1900,1970,"Endangered",1,1
"Wellesley",1900,1970,"Conservation Dependent",2,1
"Batemans Shelf",1900,1970,"Vulnerable",60,8
"Manning Shelf",1900,1970,"Vulnerable",12,7
"Manning Shelf",1971,1975,"Not listed",2215,844
"Tweed-Moreton",1971,1975,"Not listed",13107,2469
"Batemans Shelf",1971,1975,"Not listed",3480,1043
"Hawkesbury Shelf",1971,1975,"Not listed",11861,2393
"Manning Shelf",1971,1975,"Endangered",1,1
"Twofold Shelf",1971,1975,"Endangered",35,5
"Twofold Shelf",1971,1975,"Not listed",6887,1710
"Anson Beagle",1971,1975,"Not listed",1734,909
"Lucinda-Mackay Coast",1971,1975,"Endangered",3,1
"Lucinda-Mackay Coast",1971,1975,"Not listed",1962,949
"Lucinda-Mackay Coast",1971,1975,"Vulnerable",6,3
"Mackay-Capricorn",1971,1975,"Not listed",4687,1529
"Mackay-Capricorn",1971,1975,"Vulnerable",18,4
"Shoalwater Coast",1971,1975,"Not listed",1105,684
"Torres Strait",1971,1975,"Not listed",1551,523
"Wet Tropic Coast",1971,1975,"Not listed",2465,1243
"Coorong",1971,1975,"Not listed",6230,446
"St Vincent Gulf",1971,1975,"Not listed",2446,1015
"Franklin",1971,1975,"Not listed",713,411
"Otway",1971,1975,"Not listed",8662,1169
"Victorian Embayments",1971,1975,"Not listed",20934,1808
"East Cape York",1971,1975,"Not listed",1169,535
"Anson Beagle",1971,1975,"Endangered",4,1
"Arnhem Wessel",1971,1975,"Endangered",4,2
"Batemans Shelf",1971,1975,"Vulnerable",20,6
"Boags",1971,1975,"Not listed",853,502
"Bonaparte Gulf",1971,1975,"Not listed",63,45
"Bruny",1971,1975,"Not listed",1739,822
"Central Reef",1971,1975,"Not listed",3688,1272
"Central Victoria",1971,1975,"Not listed",5535,765
"Central Victoria",1971,1975,"Vulnerable",18,4
"Central Victoria",1971,1975,"Endangered",32,6
"Central West Coast",1971,1975,"Not listed",1132,608
"Central West Coast",1971,1975,"Vulnerable",3,2
"Coorong",1971,1975,"Endangered",12,3
"Coorong",1971,1975,"Vulnerable",7,3
"Davey",1971,1975,"Not listed",329,199
"East Cape York",1971,1975,"Endangered",7,1
"East Cape York",1971,1975,"Vulnerable",13,3
"Eyre",1971,1975,"Not listed",2646,927
"Eyre",1971,1975,"Vulnerable",7,2
"Flinders",1971,1975,"Not listed",3458,1002
"Franklin",1971,1975,"Endangered",5,1
"Freycinet",1971,1975,"Not listed",1582,611
"Groote",1971,1975,"Not listed",981,656
"Hawkesbury Shelf",1971,1975,"Vulnerable",841,14
"Karumba-Nassau",1971,1975,"Not listed",693,198
"Leeuwin-Naturaliste",1971,1975,"Not listed",3504,1192
"Mackay-Capricorn",1971,1975,"Endangered",16,2
"Murat",1971,1975,"Not listed",1900,645
"Ningaloo",1971,1975,"Not listed",371,259
"North Spencer Gulf",1971,1975,"Not listed",515,300
"Northwest Shelf",1971,1975,"Conservation Dependent",8,2
"Otway",1971,1975,"Endangered",46,9
"Otway",1971,1975,"Vulnerable",39,11
"Pilbarra (nearshore)",1971,1975,"Not listed",1828,885
"Pilbarra (nearshore)",1971,1975,"Critically Endangered",3,1
"Pilbarra (offshore)",1971,1975,"Not listed",744,317
"Ribbons",1971,1975,"Endangered",5,1
"Ribbons",1971,1975,"Vulnerable",10,3
"Shark Bay",1971,1975,"Not listed",488,355
"St Vincent Gulf",1971,1975,"Endangered",4,2
"St Vincent Gulf",1971,1975,"Vulnerable",7,4
"Northwest Shelf",1971,1975,"Not listed",1107,214
"Tweed-Moreton",1971,1975,"Endangered",39,7
"Tweed-Moreton",1971,1975,"Vulnerable",32,10
"Twofold Shelf",1971,1975,"Vulnerable",43,8
"Van Diemens Gulf",1971,1975,"Not listed",94,55
"Victorian Embayments",1971,1975,"Endangered",18,6
"Victorian Embayments",1971,1975,"Vulnerable",28,8
"WA South Coast",1971,1975,"Not listed",2637,889
"West Cape York",1971,1975,"Not listed",858,440
"Zuytdorp",1971,1975,"Conservation Dependent",4,2
"Zuytdorp",1971,1975,"Not listed",392,204
"Central Bass Strait",1971,1975,"Endangered",3,3
"Flinders",1971,1975,"Endangered",14,4
"Flinders",1971,1975,"Vulnerable",14,3
"Ribbons",1971,1975,"Not listed",7792,2097
"Spencer Gulf",1971,1975,"Not listed",834,386
"Abrolhos Islands",1971,1975,"Not listed",410,184
"Canning",1971,1975,"Not listed",357,252
"Kimberley",1971,1975,"Not listed",719,443
"King Sound",1971,1975,"Not listed",111,100
"Arnhem Wessel",1971,1975,"Not listed",897,518
"Batemans Shelf",1971,1975,"Endangered",4,2
"Boags",1971,1975,"Critically Endangered",1,1
"Boags",1971,1975,"Endangered",6,3
"Cambridge-Bonaparte",1971,1975,"Not listed",33,27
"Carpentaria",1971,1975,"Not listed",1693,186
"Central Bass Strait",1971,1975,"Not listed",656,336
"Central Bass Strait",1971,1975,"Vulnerable",5,3
"Davey",1971,1975,"Critically Endangered",6,2
"Eighty Mile Beach",1971,1975,"Not listed",77,76
"Eucla",1971,1975,"Not listed",3122,187
"Freycinet",1971,1975,"Endangered",2,2
"Freycinet",1971,1975,"Vulnerable",3,3
"Hawkesbury Shelf",1971,1975,"Endangered",63,5
"Pellew",1971,1975,"Not listed",347,242
"Pompey-Swains",1971,1975,"Not listed",338,223
"Tiwi",1971,1975,"Not listed",80,60
"Victorian Embayments",1971,1975,"Conservation Dependent",4,2
"WA South Coast",1971,1975,"Endangered",17,3
"Wellesley",1971,1975,"Not listed",144,113
"West Cape York",1971,1975,"Endangered",2,1
"West Cape York",1971,1975,"Vulnerable",2,2
"Central Victoria",1976,1980,"Not listed",10279,1189
"Otway",1976,1980,"Not listed",16108,1516
"Victorian Embayments",1976,1980,"Not listed",61439,1607
"Abrolhos Islands",1976,1980,"Not listed",591,284
"Cambridge-Bonaparte",1976,1980,"Not listed",150,94
"Eucla",1976,1980,"Not listed",2679,396
"Kimberley",1976,1980,"Not listed",1956,700
"Leeuwin-Naturaliste",1976,1980,"Not listed",5462,1001
"Pilbarra (nearshore)",1976,1980,"Not listed",1190,563
"WA South Coast",1976,1980,"Not listed",3413,989
"East Cape York",1976,1980,"Not listed",2488,1216
"Lucinda-Mackay Coast",1976,1980,"Not listed",6837,1531
"Shoalwater Coast",1976,1980,"Not listed",2169,894
"Hawkesbury Shelf",1976,1980,"Not listed",12241,2075
"Anson Beagle",1976,1980,"Not listed",3520,1008
"Arafura",1976,1980,"Not listed",1880,387
"Arnhem Wessel",1976,1980,"Not listed",792,403
"Batemans Shelf",1976,1980,"Not listed",6845,1290
"Boags",1976,1980,"Conservation Dependent",8,2
"Boags",1976,1980,"Not listed",5316,897
"Boags",1976,1980,"Endangered",9,5
"Boags",1976,1980,"Vulnerable",19,6
"Bruny",1976,1980,"Not listed",5701,859
"Canning",1976,1980,"Not listed",620,393
"Carpentaria",1976,1980,"Not listed",4908,279
"Central Bass Strait",1976,1980,"Not listed",1417,501
"Central Reef",1976,1980,"Not listed",1810,787
"Central West Coast",1976,1980,"Not listed",4047,832
"Cobourg",1976,1980,"Not listed",1213,589
"Coorong",1976,1980,"Not listed",1778,419
"Coorong",1976,1980,"Vulnerable",30,9
"Davey",1976,1980,"Not listed",866,305
"Davey",1976,1980,"Vulnerable",3,2
"Eyre",1976,1980,"Not listed",6019,943
"Eyre",1976,1980,"Vulnerable",13,5
"Eyre",1976,1980,"Endangered",37,6
"Flinders",1976,1980,"Not listed",6296,1027
"Franklin",1976,1980,"Not listed",1522,426
"Freycinet",1976,1980,"Not listed",3374,727
"Groote",1976,1980,"Not listed",4302,578
"Hawkesbury Shelf",1976,1980,"Endangered",38,6
"Karumba-Nassau",1976,1980,"Not listed",3177,470
"King Sound",1976,1980,"Not listed",218,99
"Mackay-Capricorn",1976,1980,"Not listed",4659,1688
"Manning Shelf",1976,1980,"Not listed",3631,1133
"Murat",1976,1980,"Endangered",5,1
"Murat",1976,1980,"Not listed",876,326
"North Spencer Gulf",1976,1980,"Not listed",1262,223
"Northwest Shelf",1976,1980,"Not listed",5576,535
"Northwest Shelf",1976,1980,"Vulnerable",2,1
"Otway",1976,1980,"Vulnerable",262,13
"Pilbarra (offshore)",1976,1980,"Not listed",2848,592
"Pompey-Swains",1976,1980,"Not listed",871,288
"Ribbons",1976,1980,"Not listed",6465,1976
"Shark Bay",1976,1980,"Not listed",574,246
"Spencer Gulf",1976,1980,"Not listed",663,238
"St Vincent Gulf",1976,1980,"Not listed",5652,1249
"St Vincent Gulf",1976,1980,"Conservation Dependent",1,1
"St Vincent Gulf",1976,1980,"Endangered",9,3
"Tiwi",1976,1980,"Not listed",161,122
"Torres Strait",1976,1980,"Not listed",2228,789
"Tweed-Moreton",1976,1980,"Not listed",17414,2651
"Tweed-Moreton",1976,1980,"Vulnerable",51,17
"Tweed-Moreton",1976,1980,"Endangered",32,10
"Twofold Shelf",1976,1980,"Not listed",11475,1376
"Twofold Shelf",1976,1980,"Endangered",76,8
"Twofold Shelf",1976,1980,"Vulnerable",134,13
"Van Diemens Gulf",1976,1980,"Not listed",1050,384
"WA South Coast",1976,1980,"Critically Endangered",1,1
"WA South Coast",1976,1980,"Endangered",15,2
"Wellesley",1976,1980,"Not listed",352,144
"West Cape York",1976,1980,"Not listed",2048,700
"Wet Tropic Coast",1976,1980,"Not listed",2982,1310
"Wet Tropic Coast",1976,1980,"Endangered",8,1
"Zuytdorp",1976,1980,"Not listed",246,153
"Eyre",1981,1985,"Endangered",80,3
"Anson Beagle",1981,1985,"Conservation Dependent",8,1
"Anson Beagle",1981,1985,"Vulnerable",3,2
"Arnhem Wessel",1981,1985,"Conservation Dependent",7,1
"Arnhem Wessel",1981,1985,"Vulnerable",1,1
"Bonaparte Gulf",1981,1985,"Not listed",173,74
"Bonaparte Gulf",1981,1985,"Conservation Dependent",2,1
"Bruny",1981,1985,"Endangered",16,8
"Cobourg",1981,1985,"Vulnerable",2,2
"Davey",1981,1985,"Vulnerable",167,7
"Eucla",1981,1985,"Endangered",131,2
"Freycinet",1981,1985,"Vulnerable",349,8
"Groote",1981,1985,"Conservation Dependent",25,1
"Groote",1981,1985,"Vulnerable",2,1
"Karumba-Nassau",1981,1985,"Conservation Dependent",4,1
"Kimberley",1981,1985,"Conservation Dependent",13,1
"Kimberley",1981,1985,"Not listed",1272,572
"Leeuwin-Naturaliste",1981,1985,"Endangered",5,3
"Leeuwin-Naturaliste",1981,1985,"Vulnerable",9,3
"Murat",1981,1985,"Endangered",15,2
"Oceanic Shoals",1981,1985,"Not listed",371,154
"Oceanic Shoals",1981,1985,"Conservation Dependent",1,1
"Pellew",1981,1985,"Conservation Dependent",1,1
"Tiwi",1981,1985,"Not listed",106,78
"Tweed-Moreton",1981,1985,"Critically Endangered",17,1
"Twofold Shelf",1981,1985,"Conservation Dependent",20,5
"Ningaloo",1976,1980,"Not listed",770,360
"Wellesley",1981,1985,"Conservation Dependent",1,1
"West Cape York",1981,1985,"Conservation Dependent",12,1
"Batemans Shelf",1981,1985,"Critically Endangered",2,2
"Ningaloo",1981,1985,"Not listed",830,403
"Bruny",1981,1985,"Critically Endangered",6,2
"Canning",1981,1985,"Endangered",2,1
"Davey",1981,1985,"Critically Endangered",1,1
"Eyre",1981,1985,"Vulnerable",5,5
"Kimberley",1981,1985,"Endangered",1,1
"Lucinda-Mackay Coast",1981,1985,"Endangered",10,3
"Murat",1981,1985,"Vulnerable",7,2
"Spencer Gulf",1981,1985,"Vulnerable",2,2
"Cobourg",1986,1990,"Endangered",7,3
"East Cape York",1986,1990,"Endangered",7,2
"Wet Tropic Coast",1986,1990,"Vulnerable",15,2
"Coorong",1986,1990,"Endangered",58,7
"Batemans Shelf",1986,1990,"Vulnerable",25,7
"Abrolhos Islands",1986,1990,"Vulnerable",1,1
"Arafura",1986,1990,"Endangered",3,2
"Batemans Shelf",1986,1990,"Endangered",56,7
"Bruny",1986,1990,"Conservation Dependent",11,3
"Central Victoria",1986,1990,"Vulnerable",23,6
"Central West Coast",1986,1990,"Endangered",17,4
"Central West Coast",1986,1990,"Vulnerable",8,3
"Davey",1986,1990,"Endangered",27,1
"Flinders",1986,1990,"Endangered",7,3
"Freycinet",1986,1990,"Endangered",12,3
"Freycinet",1986,1990,"Vulnerable",117,9
"Mackay-Capricorn",1986,1990,"Endangered",15,3
"Mackay-Capricorn",1986,1990,"Vulnerable",8,2
"Manning Shelf",1986,1990,"Endangered",6,4
"North Spencer Gulf",1986,1990,"Endangered",2,1
"Northwest Shelf",1986,1990,"Conservation Dependent",2,1
"Ribbons",1986,1990,"Endangered",7,1
"Ribbons",1986,1990,"Vulnerable",22,4
"Shoalwater Coast",1986,1990,"Vulnerable",16,4
"Spencer Gulf",1986,1990,"Endangered",7,3
"St Vincent Gulf",1986,1990,"Endangered",52,7
"Tweed-Moreton",1986,1990,"Vulnerable",56,18
"Twofold Shelf",1986,1990,"Critically Endangered",6,1
"West Cape York",1986,1990,"Conservation Dependent",5,1
"Central Victoria",1986,1990,"Endangered",86,6
"Twofold Shelf",1986,1990,"Vulnerable",25,10
"Victorian Embayments",1986,1990,"Critically Endangered",2,1
"Victorian Embayments",1986,1990,"Endangered",18,5
"Lucinda-Mackay Coast",1986,1990,"Endangered",10,2
"Lucinda-Mackay Coast",1986,1990,"Vulnerable",15,3
"Shoalwater Coast",1986,1990,"Endangered",10,3
"Anson Beagle",1986,1990,"Endangered",4,2
"Carpentaria",1986,1990,"Vulnerable",2,2
"Victorian Embayments",1986,1990,"Conservation Dependent",5,2
"Victorian Embayments",1986,1990,"Vulnerable",12,6
"Batemans Shelf",1986,1990,"Conservation Dependent",6,1
"Hawkesbury Shelf",1986,1990,"Conservation Dependent",5,1
"Manning Shelf",1986,1990,"Conservation Dependent",6,1
"Karumba-Nassau",1986,1990,"Vulnerable",6,2
"Torres Strait",1986,1990,"Vulnerable",1,1
"Wellesley",1986,1990,"Vulnerable",6,2
"Hawkesbury Shelf",1991,1995,"Endangered",97,9
"Otway",1991,1995,"Endangered",568,9
"St Vincent Gulf",1991,1995,"Endangered",91,2
"Central Victoria",1991,1995,"Endangered",174,6
"Leeuwin-Naturaliste",1991,1995,"Vulnerable",3,3
"Arnhem Wessel",1991,1995,"Endangered",2,2
"Arnhem Wessel",1991,1995,"Vulnerable",37,4
"Batemans Shelf",1991,1995,"Vulnerable",6,3
"Boags",1991,1995,"Endangered",4,4
"Bruny",1991,1995,"Conservation Dependent",1607,2
"Central Reef",1991,1995,"Endangered",1,1
"Freycinet",1991,1995,"Conservation Dependent",127,2
"Freycinet",1991,1995,"Endangered",12,4
"Hawkesbury Shelf",1991,1995,"Vulnerable",447,9
"Leeuwin-Naturaliste",1991,1995,"Endangered",8,5
"Mackay-Capricorn",1991,1995,"Endangered",11,2
"Mackay-Capricorn",1991,1995,"Vulnerable",12,3
"Manning Shelf",1991,1995,"Endangered",9,5
"Otway",1991,1995,"Vulnerable",63,9
"Pellew",1991,1995,"Vulnerable",28,2
"Shoalwater Coast",1991,1995,"Vulnerable",11,5
"Tweed-Moreton",1991,1995,"Critically Endangered",13,2
"Victorian Embayments",1991,1995,"Endangered",24,5
"Ribbons",1991,1995,"Endangered",4,1
"Twofold Shelf",1991,1995,"Vulnerable",17,9
"Shoalwater Coast",1991,1995,"Critically Endangered",1,1
"Anson Beagle",1996,2000,"Endangered",8,1
"Arafura",1996,2000,"Not listed",163,48
"Cambridge-Bonaparte",1996,2000,"Not listed",445,133
"Central West Coast",1996,2000,"Endangered",15,3
"Central West Coast",1996,2000,"Vulnerable",10,4
"Eyre",1996,2000,"Vulnerable",26,6
"WA South Coast",1996,2000,"Vulnerable",4,3
"Torres Strait",1996,2000,"Endangered",154,1
"Bruny",1996,2000,"Vulnerable",25,8
"Cambridge-Bonaparte",1996,2000,"Vulnerable",2,1
"Central Reef",1996,2000,"Vulnerable",2,2
"Coorong",1996,2000,"Vulnerable",7,4
"Davey",1996,2000,"Endangered",40,1
"Flinders",1996,2000,"Vulnerable",13,3
"Karumba-Nassau",1996,2000,"Endangered",43,1
"Leeuwin-Naturaliste",1996,2000,"Vulnerable",6,4
"Pellew",1996,2000,"Vulnerable",68,3
"Pilbarra (offshore)",1996,2000,"Vulnerable",2,1
"Tiwi",1996,2000,"Endangered",38,2
"Tiwi",1996,2000,"Vulnerable",57,3
"Wellesley",1996,2000,"Endangered",57,1
"Wellesley",1996,2000,"Vulnerable",69,4
"Leeuwin-Naturaliste",2001,2005,"Not listed",6933,819
"Cambridge-Bonaparte",2001,2005,"Not listed",174,91
"Canning",2001,2005,"Not listed",4629,409
"Central West Coast",2001,2005,"Not listed",9060,938
"Eighty Mile Beach",2001,2005,"Not listed",274,101
"King Sound",2001,2005,"Not listed",438,129
"Ningaloo",2001,2005,"Not listed",1392,494
"Zuytdorp",2001,2005,"Not listed",1282,427
"Shoalwater Coast",2001,2005,"Not listed",11688,1465
"West Cape York",2001,2005,"Endangered",30,1
"West Cape York",2001,2005,"Vulnerable",100,3
"Tweed-Moreton",2001,2005,"Not listed",32518,2747
"Otway",2001,2005,"Not listed",11167,681
"Hawkesbury Shelf",2001,2005,"Not listed",15061,1558
"Abrolhos Islands",2001,2005,"Not listed",424,204
"Anson Beagle",2001,2005,"Not listed",6417,1238
"Arafura",2001,2005,"Not listed",367,109
"Arnhem Wessel",2001,2005,"Endangered",358,2
"Arnhem Wessel",2001,2005,"Not listed",1284,580
"Batemans Shelf",2001,2005,"Not listed",9207,1257
"Batemans Shelf",2001,2005,"Critically Endangered",6,1
"Batemans Shelf",2001,2005,"Endangered",190,6
"Batemans Shelf",2001,2005,"Vulnerable",172,9
"Boags",2001,2005,"Not listed",3747,638
"Boags",2001,2005,"Endangered",9,4
"Bonaparte Gulf",2001,2005,"Not listed",377,148
"Bruny",2001,2005,"Not listed",19832,738
"Bruny",2001,2005,"Vulnerable",19,9
"Bruny",2001,2005,"Endangered",22,4
"Carpentaria",2001,2005,"Not listed",4755,292
"Carpentaria",2001,2005,"Conservation Dependent",1,1
"Central Bass Strait",2001,2005,"Not listed",435,99
"Central Bass Strait",2001,2005,"Vulnerable",7,4
"Central Reef",2001,2005,"Not listed",22111,1329
"Central Victoria",2001,2005,"Endangered",93,6
"Central Victoria",2001,2005,"Not listed",32100,680
"Central Victoria",2001,2005,"Vulnerable",43,6
"Central West Coast",2001,2005,"Endangered",9,3
"Central West Coast",2001,2005,"Vulnerable",6,3
"Cobourg",2001,2005,"Not listed",590,320
"Coorong",2001,2005,"Endangered",183,6
"Coorong",2001,2005,"Not listed",2319,354
"East Cape York",2001,2005,"Not listed",5713,857
"Eucla",2001,2005,"Endangered",17,2
"Eucla",2001,2005,"Not listed",1627,327
"Eyre",2001,2005,"Endangered",231,7
"Flinders",2001,2005,"Not listed",10598,537
"Franklin",2001,2005,"Not listed",916,337
"Freycinet",2001,2005,"Not listed",25670,684
"Freycinet",2001,2005,"Vulnerable",3,3
"Groote",2001,2005,"Not listed",1972,466
"Hawkesbury Shelf",2001,2005,"Endangered",95,11
"Hawkesbury Shelf",2001,2005,"Vulnerable",173,20
"Karumba-Nassau",2001,2005,"Not listed",2166,414
"Kimberley",2001,2005,"Not listed",2311,424
"Leeuwin-Naturaliste",2001,2005,"Endangered",20,7
"Leeuwin-Naturaliste",2001,2005,"Vulnerable",16,5
"Lucinda-Mackay Coast",2001,2005,"Not listed",12557,1482
"Lucinda-Mackay Coast",2001,2005,"Vulnerable",51,3
"Mackay-Capricorn",2001,2005,"Not listed",16018,1441
"Manning Shelf",2001,2005,"Not listed",5991,954
"Manning Shelf",2001,2005,"Endangered",12,7
"Manning Shelf",2001,2005,"Vulnerable",110,10
"Murat",2001,2005,"Conservation Dependent",120,3
"Murat",2001,2005,"Endangered",58,1
"Murat",2001,2005,"Not listed",920,332
"North Spencer Gulf",2001,2005,"Not listed",1011,196
"Oceanic Shoals",2001,2005,"Not listed",133,40
"Otway",2001,2005,"Vulnerable",296,17
"Otway",2001,2005,"Endangered",578,11
"Pellew",2001,2005,"Not listed",1133,140
"Pilbarra (nearshore)",2001,2005,"Not listed",1339,414
"Pilbarra (nearshore)",2001,2005,"Vulnerable",1,1
"Pilbarra (offshore)",2001,2005,"Not listed",621,349
"Pompey-Swains",2001,2005,"Not listed",18994,1353
"Ribbons",2001,2005,"Not listed",23640,2266
"Shark Bay",2001,2005,"Not listed",1605,327
"Spencer Gulf",2001,2005,"Not listed",3386,315
"St Vincent Gulf",2001,2005,"Endangered",25,6
"St Vincent Gulf",2001,2005,"Not listed",8875,950
"Tiwi",2001,2005,"Endangered",129,1
"Tiwi",2001,2005,"Not listed",291,122
"Tiwi",2001,2005,"Vulnerable",132,2
"Torres Strait",2001,2005,"Not listed",2800,533
"Torres Strait",2001,2005,"Vulnerable",1,1
"Tweed-Moreton",2001,2005,"Vulnerable",200,14
"Tweed-Moreton",2001,2005,"Endangered",78,10
"Twofold Shelf",2001,2005,"Not listed",6096,802
"Twofold Shelf",2001,2005,"Endangered",34,4
"Van Diemens Gulf",2001,2005,"Not listed",675,346
"Victorian Embayments",2001,2005,"Not listed",42917,1138
"Victorian Embayments",2001,2005,"Endangered",13,5
"Victorian Embayments",2001,2005,"Critically Endangered",1,1
"WA South Coast",2001,2005,"Conservation Dependent",233,2
"WA South Coast",2001,2005,"Endangered",7,5
"WA South Coast",2001,2005,"Not listed",3725,894
"WA South Coast",2001,2005,"Vulnerable",4,3
"Wellesley",2001,2005,"Not listed",2087,520
"West Cape York",2001,2005,"Not listed",2466,520
"Wet Tropic Coast",2001,2005,"Not listed",15766,1220
"Arafura",2001,2005,"Endangered",190,1
"Bonaparte Gulf",2001,2005,"Endangered",1,1
"Carpentaria",2001,2005,"Endangered",45,1
"Cobourg",2001,2005,"Endangered",14,3
"Groote",2001,2005,"Endangered",323,2
"Oceanic Shoals",2001,2005,"Endangered",963,1
"Pellew",2001,2005,"Endangered",14,3
"Central Bass Strait",2001,2005,"Endangered",11,2
"Flinders",2001,2005,"Vulnerable",5,2
"Davey",2001,2005,"Not listed",4458,188
"Freycinet",2001,2005,"Endangered",5,4
"Hawkesbury Shelf",2001,2005,"Extinct",1,1
"Leeuwin-Naturaliste",2001,2005,"Critically Endangered",1,1
"Northwest Shelf",2001,2005,"Not listed",118,51
"Shoalwater Coast",2001,2005,"Endangered",32,2
"Shoalwater Coast",2001,2005,"Vulnerable",176,5
"St Vincent Gulf",2001,2005,"Vulnerable",6,4
"Anson Beagle",2006,2010,"Endangered",6,2
"Manning Shelf",2011,2015,"Not listed",49816,1109
"Tweed-Moreton",2011,2015,"Vulnerable",637,16
"Tweed-Moreton",2011,2015,"Not listed",72925,1883
"Batemans Shelf",2011,2015,"Not listed",27774,1226
"Batemans Shelf",2011,2015,"Endangered",72,9
"Batemans Shelf",2011,2015,"Vulnerable",158,13
"Hawkesbury Shelf",2011,2015,"Not listed",70663,1444
"Hawkesbury Shelf",2011,2015,"Vulnerable",761,20
"Hawkesbury Shelf",2011,2015,"Endangered",294,12
"Manning Shelf",2011,2015,"Vulnerable",219,14
"Tweed-Moreton",2011,2015,"Endangered",124,12
"Twofold Shelf",2011,2015,"Not listed",11108,876
"Groote",2011,2015,"Not listed",2507,276
"Anson Beagle",2011,2015,"Not listed",8222,778
"Anson Beagle",2011,2015,"Vulnerable",72,4
"Arnhem Wessel",2011,2015,"Not listed",1696,277
"Cobourg",2011,2015,"Not listed",1060,260
"Groote",2011,2015,"Endangered",19,4
"Groote",2011,2015,"Vulnerable",61,4
"Pellew",2011,2015,"Not listed",636,92
"Van Diemens Gulf",2011,2015,"Not listed",294,92
"Lucinda-Mackay Coast",2011,2015,"Not listed",239182,897
"East Cape York",2011,2015,"Not listed",3954,336
"Ribbons",2011,2015,"Not listed",30435,2005
"Wet Tropic Coast",2011,2015,"Not listed",44084,912
"Central Reef",2011,2015,"Not listed",93927,720
"Karumba-Nassau",2011,2015,"Not listed",941,220
"Lucinda-Mackay Coast",2011,2015,"Vulnerable",22,4
"Mackay-Capricorn",2011,2015,"Not listed",163986,808
"Mackay-Capricorn",2011,2015,"Vulnerable",26,4
"Shoalwater Coast",2011,2015,"Not listed",6455,423
"Torres Strait",2011,2015,"Not listed",3278,510
"Eyre",2011,2015,"Not listed",6054,605
"Spencer Gulf",2011,2015,"Not listed",1893,320
"St Vincent Gulf",2011,2015,"Not listed",22866,1077
"Otway",2011,2015,"Not listed",11176,861
"Coorong",2011,2015,"Endangered",352,5
"Coorong",2011,2015,"Not listed",2910,366
"Eucla",2011,2015,"Endangered",52,3
"Eyre",2011,2015,"Endangered",70,4
"Murat",2011,2015,"Not listed",2877,189
"North Spencer Gulf",2011,2015,"Not listed",430,127
"Spencer Gulf",2011,2015,"Endangered",25,2
"Bruny",2011,2015,"Not listed",30779,1325
"Boags",2011,2015,"Not listed",4958,508
"Bruny",2011,2015,"Vulnerable",46,8
"Bruny",2011,2015,"Critically Endangered",179,2
"Davey",2011,2015,"Not listed",787,179
"Franklin",2011,2015,"Not listed",842,420
"Freycinet",2011,2015,"Not listed",5037,807
"Central Victoria",2011,2015,"Not listed",7995,656
"Victorian Embayments",2011,2015,"Endangered",30,9
"Victorian Embayments",2011,2015,"Not listed",40321,1133
"Central Victoria",2011,2015,"Endangered",246,7
"Flinders",2011,2015,"Not listed",1486,581
"Otway",2011,2015,"Endangered",817,10
"Otway",2011,2015,"Vulnerable",594,13
"Victorian Embayments",2011,2015,"Vulnerable",36,9
"Kimberley",2011,2015,"Not listed",2375,523
"Leeuwin-Naturaliste",2011,2015,"Not listed",14924,899
"Shark Bay",2011,2015,"Not listed",736,168
"Canning",2011,2015,"Not listed",21644,264
"Central West Coast",2011,2015,"Not listed",1767,281
"Ningaloo",2011,2015,"Not listed",151705,635
"Pilbarra (nearshore)",2011,2015,"Not listed",27912,924
"WA South Coast",2011,2015,"Not listed",3408,472
"Zuytdorp",2011,2015,"Not listed",335,60
"Abrolhos Islands",2011,2015,"Endangered",1,1
"Abrolhos Islands",2011,2015,"Not listed",75,35
"Arafura",2011,2015,"Endangered",2,1
"Arafura",2011,2015,"Vulnerable",7,3
"Bonaparte Gulf",2011,2015,"Endangered",3,1
"Bonaparte Gulf",2011,2015,"Not listed",1050,407
"Bonaparte Gulf",2011,2015,"Vulnerable",7,3
"Bruny",2011,2015,"Conservation Dependent",58,1
"Bruny",2011,2015,"Endangered",40,3
"Canning",2011,2015,"Vulnerable",4,2
"Carpentaria",2011,2015,"Not listed",179,65
"Central Bass Strait",2011,2015,"Endangered",9,2
"Central Bass Strait",2011,2015,"Not listed",1277,207
"Central Bass Strait",2011,2015,"Vulnerable",4,3
"Central Reef",2011,2015,"Vulnerable",8,3
"Central Victoria",2011,2015,"Vulnerable",125,7
"Central West Coast",2011,2015,"Endangered",6,2
"Central West Coast",2011,2015,"Vulnerable",23,3
"Eighty Mile Beach",2011,2015,"Not listed",210,53
"Eucla",2011,2015,"Not listed",2868,231
"Eyre",2011,2015,"Vulnerable",35,2
"Leeuwin-Naturaliste",1981,1985,"Critically Endangered",3,2
"Bonaparte Gulf",1996,2000,"Not listed",211,148
"Eyre",2001,2005,"Not listed",4594,589
"Victorian Embayments",2001,2005,"Vulnerable",9,3
"Flinders",2011,2015,"Endangered",44,4
"Hawkesbury Shelf",2011,2015,"Extinct",1,1
"King Sound",2011,2015,"Not listed",254,104
"Leeuwin-Naturaliste",2011,2015,"Endangered",49,8
"Leeuwin-Naturaliste",2011,2015,"Vulnerable",69,6
"Lucinda-Mackay Coast",2011,2015,"Conservation Dependent",60,2
"Mackay-Capricorn",2011,2015,"Endangered",1,1
"Manning Shelf",2011,2015,"Endangered",129,9
"Manning Shelf",2011,2015,"Critically Endangered",14,1
"Murat",2011,2015,"Endangered",23,4
"Ningaloo",2011,2015,"Vulnerable",27696,3
"Northwest Shelf",2011,2015,"Not listed",956,175
"Oceanic Shoals",2011,2015,"Not listed",1153,365
"Oceanic Shoals",2011,2015,"Vulnerable",4,2
"Pilbarra (nearshore)",2011,2015,"Vulnerable",3,1
"Pilbarra (offshore)",2011,2015,"Not listed",35935,934
"Pilbarra (offshore)",2011,2015,"Vulnerable",4,2
"Pompey-Swains",2011,2015,"Endangered",2,2
"Pompey-Swains",2011,2015,"Not listed",12175,378
"Ribbons",2011,2015,"Vulnerable",21,3
"Shoalwater Coast",2011,2015,"Vulnerable",29384,3
"Spencer Gulf",2011,2015,"Vulnerable",1,1
"St Vincent Gulf",2011,2015,"Endangered",56,8
"St Vincent Gulf",2011,2015,"Vulnerable",1,1
"Twofold Shelf",2011,2015,"Endangered",95,5
"Twofold Shelf",2011,2015,"Vulnerable",94,8
"Van Diemens Gulf",2011,2015,"Endangered",23,1
"WA South Coast",2011,2015,"Endangered",76,10
"WA South Coast",2011,2015,"Vulnerable",97,7
"Wellesley",2011,2015,"Not listed",711,119
"West Cape York",2011,2015,"Not listed",2239,284
"Wet Tropic Coast",2011,2015,"Conservation Dependent",70,1
"Wet Tropic Coast",2011,2015,"Endangered",2,2
"Wet Tropic Coast",2011,2015,"Vulnerable",40,5
"Hawkesbury Shelf",2011,2015,"Conservation Dependent",18,2
"West Cape York",2011,2015,"Critically Endangered",87,1
"Batemans Shelf",2011,2015,"Conservation Dependent",53,2
"Central Reef",2011,2015,"Conservation Dependent",3,2
"Flinders",2011,2015,"Conservation Dependent",6,2
"Freycinet",2011,2015,"Conservation Dependent",90,2
"Tweed-Moreton",2011,2015,"Conservation Dependent",27,1
"Boags",2011,2015,"Endangered",10,2
"Hawkesbury Shelf",2011,2015,"Critically Endangered",1,1
"Ribbons",2011,2015,"Conservation Dependent",1,1
"Arafura",2011,2015,"Not listed",1225,291
"Cambridge-Bonaparte",2011,2015,"Not listed",155,90
"Anson Beagle",2016,2020,"Endangered",21,1
"Cobourg",2016,2020,"Vulnerable",4,3
"Groote",2016,2020,"Endangered",5,2
"Karumba-Nassau",2016,2020,"Not listed",844,138
"East Cape York",2016,2020,"Vulnerable",6,3
"North Spencer Gulf",1900,1970,"Endangered",10,2
"Victorian Embayments",1900,1970,"Critically Endangered",2,1
"Davey",1900,1970,"Endangered",12,1
"Central West Coast",1900,1970,"Endangered",5,4
"St Vincent Gulf",1900,1970,"Conservation Dependent",4,2
"Tweed-Moreton",1900,1970,"Extinct",1,1
"Davey",1900,1970,"Conservation Dependent",7,1
"Franklin",1900,1970,"Conservation Dependent",28,1
"Freycinet",1900,1970,"Conservation Dependent",81,2
"Boags",1900,1970,"Critically Endangered",2,2
"Leeuwin-Naturaliste",1900,1970,"Critically Endangered",3,2
"Freycinet",1900,1970,"Vulnerable",4,3
"Zuytdorp",1900,1970,"Endangered",14,2
"Central Bass Strait",1971,1975,"Conservation Dependent",8,1
"Cobourg",1971,1975,"Not listed",217,160
"Davey",1971,1975,"Endangered",1,1
"Davey",1971,1975,"Vulnerable",1,1
"Eucla",1971,1975,"Conservation Dependent",56,3
"Eyre",1971,1975,"Conservation Dependent",26,3
"Eyre",1971,1975,"Endangered",15,5
"Murat",1971,1975,"Conservation Dependent",17,3
"Wellesley",1971,1975,"Endangered",1,1
"Wellesley",1971,1975,"Vulnerable",1,1
"Victorian Embayments",1971,1975,"Critically Endangered",2,1
"Arafura",1971,1975,"Not listed",1068,298
"Boags",1971,1975,"Vulnerable",3,3
"Oceanic Shoals",1971,1975,"Not listed",312,118
"Davey",1971,1975,"Conservation Dependent",3,1
"Franklin",1971,1975,"Conservation Dependent",1,1
"Freycinet",1971,1975,"Conservation Dependent",3,2
"Karumba-Nassau",1971,1975,"Endangered",1,1
"Karumba-Nassau",1971,1975,"Vulnerable",1,1
"Pompey-Swains",1971,1975,"Conservation Dependent",1,1
"Torres Strait",1971,1975,"Vulnerable",3,1
"Flinders",1971,1975,"Critically Endangered",1,1
"Shoalwater Coast",1971,1975,"Vulnerable",4,2
"Bruny",1971,1975,"Endangered",2,2
"Wet Tropic Coast",1971,1975,"Vulnerable",9,4
"Anson Beagle",1976,1980,"Endangered",1,1
"Mackay-Capricorn",1976,1980,"Endangered",75,3
"Mackay-Capricorn",1976,1980,"Vulnerable",57,2
"Otway",1976,1980,"Endangered",184,11
"Central Victoria",1976,1980,"Endangered",99,7
"Central Victoria",1976,1980,"Vulnerable",163,10
"Victorian Embayments",1976,1980,"Vulnerable",128,8
"Batemans Shelf",1976,1980,"Vulnerable",21,9
"Bonaparte Gulf",1976,1980,"Not listed",2020,267
"Bruny",1976,1980,"Conservation Dependent",31,2
"Bruny",1976,1980,"Endangered",56,5
"Bruny",1976,1980,"Vulnerable",127,12
"Central Bass Strait",1976,1980,"Conservation Dependent",13,2
"Central Bass Strait",1976,1980,"Endangered",3,1
"Central Bass Strait",1976,1980,"Vulnerable",17,5
"Coorong",1976,1980,"Endangered",31,4
"Davey",1976,1980,"Endangered",10,3
"Eighty Mile Beach",1976,1980,"Not listed",258,148
"Flinders",1976,1980,"Endangered",22,4
"Flinders",1976,1980,"Vulnerable",25,9
"Franklin",1976,1980,"Vulnerable",8,5
"Freycinet",1976,1980,"Conservation Dependent",14,2
"Freycinet",1976,1980,"Vulnerable",14,6
"Hawkesbury Shelf",1976,1980,"Vulnerable",511,7
"Manning Shelf",1976,1980,"Vulnerable",4,1
"Northwest Shelf",1976,1980,"Conservation Dependent",11,2
"Oceanic Shoals",1976,1980,"Not listed",2402,376
"Pellew",1976,1980,"Not listed",907,314
"Pilbarra (offshore)",1976,1980,"Conservation Dependent",7,2
"Ribbons",1976,1980,"Endangered",23,1
"Ribbons",1976,1980,"Vulnerable",50,3
"St Vincent Gulf",1976,1980,"Vulnerable",5,3
"Torres Strait",1976,1980,"Endangered",13,1
"Torres Strait",1976,1980,"Vulnerable",32,4
"Batemans Shelf",1976,1980,"Conservation Dependent",5,3
"Batemans Shelf",1976,1980,"Critically Endangered",1,1
"Twofold Shelf",1976,1980,"Conservation Dependent",8,4
"Victorian Embayments",1976,1980,"Endangered",48,6
"Franklin",1981,1985,"Conservation Dependent",3,2
"Hawkesbury Shelf",1981,1985,"Critically Endangered",14,1
"North Spencer Gulf",1981,1985,"Endangered",2,1
"Northwest Shelf",1981,1985,"Conservation Dependent",15,3
"Northwest Shelf",1981,1985,"Vulnerable",5,1
"Victorian Embayments",1981,1985,"Critically Endangered",2,1
"Central Reef",1981,1985,"Endangered",1,1
"Ningaloo",1981,1985,"Vulnerable",1,1
"Wet Tropic Coast",1981,1985,"Vulnerable",2,2
"Arnhem Wessel",1986,1990,"Endangered",10,2
"Arnhem Wessel",1986,1990,"Vulnerable",2,1
"Boags",1986,1990,"Vulnerable",8,4
"Central Bass Strait",1986,1990,"Vulnerable",9,3
"Cobourg",1986,1990,"Vulnerable",3,2
"Coorong",1986,1990,"Vulnerable",25,5
"Eucla",1986,1990,"Vulnerable",1,1
"Central Reef",1986,1990,"Vulnerable",2,2
"Karumba-Nassau",1986,1990,"Endangered",2,1
"Flinders",1986,1990,"Vulnerable",6,5
"Freycinet",1986,1990,"Critically Endangered",1,1
"Hawkesbury Shelf",1986,1990,"Extinct",4,1
"St Vincent Gulf",1986,1990,"Vulnerable",5,5
"Van Diemens Gulf",1986,1990,"Endangered",1,1
"West Cape York",1986,1990,"Endangered",2,2
"Wet Tropic Coast",1986,1990,"Endangered",4,2
"Central Victoria",1991,1995,"Vulnerable",8,3
"Anson Beagle",1991,1995,"Endangered",48,3
"Anson Beagle",1991,1995,"Vulnerable",69,3
"Arafura",1991,1995,"Conservation Dependent",1,1
"Carpentaria",1991,1995,"Vulnerable",1,1
"Central West Coast",1991,1995,"Vulnerable",6,3
"Torres Strait",1991,1995,"Vulnerable",2,1
"Victorian Embayments",1991,1995,"Vulnerable",7,2
"WA South Coast",1991,1995,"Endangered",18,6
"Wellesley",1991,1995,"Not listed",55,21
"Bruny",1996,2000,"Critically Endangered",2,2
"Boags",1996,2000,"Endangered",11,2
"Boags",1996,2000,"Vulnerable",1,1
"Central Bass Strait",1996,2000,"Endangered",5,3
"Pellew",2016,2020,"Vulnerable",2,1
"Wellesley",2016,2020,"Not listed",7,6
"Kimberley",1900,1970,"Vulnerable",1,1
"Freycinet",1900,1970,"Critically Endangered",2,1
"King Sound",1900,1970,"Endangered",13,1
"Boags",1900,1970,"Vulnerable",8,5
"Central Reef",1900,1970,"Vulnerable",6,4
"Groote",1900,1970,"Endangered",26,3
"Davey",1900,1970,"Vulnerable",5,2
"Ribbons",1900,1970,"Endangered",1,1
"Torres Strait",1900,1970,"Endangered",1,1
"Central Reef",1900,1970,"Endangered",1,1
"Ningaloo",1900,1970,"Vulnerable",2,1
"Wellesley",1900,1970,"Vulnerable",5,2
"Arafura",1976,1980,"Vulnerable",5,1
"Batemans Shelf",1976,1980,"Endangered",12,4
"Bonaparte Gulf",1976,1980,"Conservation Dependent",6,1
"Bonaparte Gulf",1976,1980,"Vulnerable",3,1
"Bruny",1976,1980,"Critically Endangered",1,1
"Carpentaria",1976,1980,"Conservation Dependent",2,1
"Cobourg",1976,1980,"Conservation Dependent",2,1
"Davey",1976,1980,"Conservation Dependent",10,2
"Eucla",1976,1980,"Conservation Dependent",16,2
"Flinders",1976,1980,"Conservation Dependent",7,2
"Freycinet",1976,1980,"Endangered",14,2
"Groote",1976,1980,"Endangered",3,1
"Karumba-Nassau",1976,1980,"Conservation Dependent",2,1
"Lucinda-Mackay Coast",1976,1980,"Endangered",5,1
"Lucinda-Mackay Coast",1976,1980,"Vulnerable",12,4
"Manning Shelf",1976,1980,"Endangered",5,2
"Oceanic Shoals",1976,1980,"Vulnerable",2,1
"Pellew",1976,1980,"Vulnerable",2,1
"Pilbarra (offshore)",1976,1980,"Vulnerable",2,1
"Shoalwater Coast",1976,1980,"Endangered",5,4
"Van Diemens Gulf",1976,1980,"Endangered",1,1
"Hawkesbury Shelf",1976,1980,"Conservation Dependent",8,4
"Central Victoria",1976,1980,"Critically Endangered",5,1
"Victorian Embayments",1976,1980,"Critically Endangered",7,1
"Central Bass Strait",1981,1985,"Conservation Dependent",3,2
"Flinders",1981,1985,"Conservation Dependent",1,1
"Hawkesbury Shelf",1981,1985,"Conservation Dependent",2,2
"Otway",1981,1985,"Conservation Dependent",5,1
"Pilbarra (offshore)",1981,1985,"Conservation Dependent",1,1
"St Vincent Gulf",1981,1985,"Conservation Dependent",3,2
"Tweed-Moreton",1981,1985,"Extinct",1,1
"West Cape York",1981,1985,"Endangered",6,3
"Boags",1986,1990,"Critically Endangered",1,1
"Canning",1986,1990,"Critically Endangered",1,1
"Cobourg",1991,1995,"Vulnerable",43,4
"Groote",1991,1995,"Vulnerable",43,3
"Tiwi",1991,1995,"Vulnerable",9,2
"Bonaparte Gulf",1991,1995,"Vulnerable",1,1
"Central Bass Strait",1991,1995,"Not listed",38,17
"Central West Coast",1991,1995,"Endangered",9,4
"Cobourg",1991,1995,"Endangered",15,1
"Coorong",1991,1995,"Vulnerable",4,2
"Eucla",1991,1995,"Vulnerable",2,1
"Flinders",1991,1995,"Endangered",8,4
"Franklin",1991,1995,"Conservation Dependent",10,2
"Groote",1991,1995,"Endangered",11,2
"North Spencer Gulf",1991,1995,"Endangered",5,1
"Spencer Gulf",1991,1995,"Endangered",12,2
"Van Diemens Gulf",1991,1995,"Endangered",1,1
"Hawkesbury Shelf",1991,1995,"Conservation Dependent",4,1
"Central Bass Strait",1991,1995,"Endangered",13,2
"Davey",1991,1995,"Critically Endangered",3,1
"Freycinet",1991,1995,"Vulnerable",97,8
"Northwest Shelf",1991,1995,"Conservation Dependent",2,1
"Northwest Shelf",1991,1995,"Critically Endangered",1,1
"West Cape York",1991,1995,"Endangered",3,2
"Freycinet",1996,2000,"Endangered",8,3
"Central Victoria",2001,2005,"Conservation Dependent",5,2
"Cobourg",2001,2005,"Vulnerable",51,4
"Davey",2001,2005,"Endangered",46,2
"Davey",2001,2005,"Vulnerable",12,5
"Eyre",2001,2005,"Vulnerable",414,6
"Flinders",2001,2005,"Endangered",17,4
"Hawkesbury Shelf",2001,2005,"Critically Endangered",33,1
"Kimberley",2001,2005,"Endangered",1,1
"Mackay-Capricorn",2001,2005,"Vulnerable",118,4
"Spencer Gulf",2001,2005,"Endangered",7,2
"Twofold Shelf",2001,2005,"Critically Endangered",5,1
"Twofold Shelf",2001,2005,"Vulnerable",52,9
"Wet Tropic Coast",2001,2005,"Vulnerable",3,2
"Bonaparte Gulf",2001,2005,"Vulnerable",4,2
"Cambridge-Bonaparte",2001,2005,"Endangered",1,1
"Canning",2001,2005,"Vulnerable",1,1
"Carpentaria",2001,2005,"Vulnerable",1,1
"East Cape York",2001,2005,"Endangered",1,1
"East Cape York",2001,2005,"Vulnerable",2,2
"Eighty Mile Beach",2001,2005,"Vulnerable",2,1
"Flinders",2001,2005,"Conservation Dependent",44,5
"Ribbons",2001,2005,"Vulnerable",1,1
"Wet Tropic Coast",2001,2005,"Endangered",6,3
"Bruny",2001,2005,"Critically Endangered",4,1
"Central Reef",2006,2010,"Vulnerable",6,2
"Central West Coast",2006,2010,"Conservation Dependent",1,1
"Cobourg",2006,2010,"Vulnerable",1,1
"Davey",2006,2010,"Endangered",5,2
"Davey",2006,2010,"Vulnerable",1,1
"Eighty Mile Beach",2006,2010,"Not listed",221,58
"Franklin",2006,2010,"Vulnerable",1,1
"Freycinet",2006,2010,"Vulnerable",6,3
"Lucinda-Mackay Coast",2006,2010,"Vulnerable",12,1
"Mackay-Capricorn",2006,2010,"Endangered",2,1
"Manning Shelf",2006,2010,"Critically Endangered",98,2
"Murat",2006,2010,"Endangered",30,3
"Pilbarra (nearshore)",2006,2010,"Vulnerable",1,1
"Shark Bay",2006,2010,"Vulnerable",1,1
"Van Diemens Gulf",2006,2010,"Endangered",1,1
"Eyre",2006,2010,"Conservation Dependent",1,1
"Lucinda-Mackay Coast",2006,2010,"Conservation Dependent",4,1
"Oceanic Shoals",2006,2010,"Vulnerable",1,1
"Van Diemens Gulf",2006,2010,"Vulnerable",1,1
"Boags",2006,2010,"Critically Endangered",1,1
"Cobourg",2011,2015,"Endangered",4,2
"Cobourg",2011,2015,"Vulnerable",10,4
"Tiwi",2011,2015,"Not listed",83,37
"Lucinda-Mackay Coast",2011,2015,"Endangered",3,3
"Freycinet",2011,2015,"Endangered",11,2
"Anson Beagle",2011,2015,"Endangered",22,4
"Bruny",2011,2015,"Extinct",1,1
"Arafura",2016,2020,"Endangered",2,1
"Arafura",2016,2020,"Vulnerable",1,1
"Arnhem Wessel",2016,2020,"Endangered",2,2
"Batemans Shelf",2016,2020,"Critically Endangered",16,2
"Central Reef",2016,2020,"Endangered",2,1
"Davey",2016,2020,"Critically Endangered",1,1
"Kimberley",2016,2020,"Vulnerable",7,1
"Van Diemens Gulf",2016,2020,"Endangered",1,1
"Batemans Shelf",2016,2020,"Conservation Dependent",1,1
"Ningaloo",2016,2020,"Conservation Dependent",3,2
"Tweed-Moreton",2016,2020,"Conservation Dependent",3,2
"St Vincent Gulf",2016,2020,"Conservation Dependent",26,1
"Shoalwater Coast",2016,2020,"Endangered",9,2
"Twofold Shelf",2016,2020,"Conservation Dependent",5,1
"West Cape York",2016,2020,"Endangered",2,1
"St Vincent Gulf",2016,2020,"Vulnerable",32,6
"Abrolhos Islands",2016,2020,"Endangered",10,1
"Canning",2016,2020,"Vulnerable",2,2
"Cobourg",2016,2020,"Endangered",1,1
"Oceanic Shoals",2016,2020,"Vulnerable",8,2
"Eighty Mile Beach",2016,2020,"Vulnerable",2,1
"Eucla",2016,2020,"Vulnerable",1,1
"Karumba-Nassau",2016,2020,"Endangered",1,1
"Murat",2016,2020,"Vulnerable",4,1
"Pilbarra (offshore)",2016,2020,"Vulnerable",3,2
"Pompey-Swains",2016,2020,"Vulnerable",1,1
"Tiwi",2016,2020,"Vulnerable",1,1
"Victorian Embayments",2016,2020,"Conservation Dependent",1,1
"Arafura",2016,2020,"Conservation Dependent",1,1
"Coorong",2016,2020,"Conservation Dependent",5,1
"Eyre",2016,2020,"Conservation Dependent",16,1
"Leeuwin-Naturaliste",2016,2020,"Conservation Dependent",5,2
"Lucinda-Mackay Coast",2016,2020,"Conservation Dependent",3,1
"Ningaloo",2016,2020,"Endangered",2,2
"St Vincent Gulf",2016,2020,"Critically Endangered",1,1
"Hawkesbury Shelf",2016,2020,"Conservation Dependent",1,1
"Anson Beagle",1900,1970,"Vulnerable",3,2
"Tweed-Moreton",1900,1970,"Critically Endangered",3,2
"WA South Coast",1900,1970,"Critically Endangered",6,2
"Coorong",1900,1970,"Conservation Dependent",17,2
"Franklin",1900,1970,"Endangered",5,3
"Central Bass Strait",1900,1970,"Vulnerable",4,4
"Pilbarra (nearshore)",1900,1970,"Critically Endangered",3,1
"Kimberley",1900,1970,"Endangered",2,1
"Wet Tropic Coast",1971,1975,"Endangered",2,2
"Arafura",1971,1975,"Conservation Dependent",1,1
"Carpentaria",1971,1975,"Conservation Dependent",1,1
"Carpentaria",1971,1975,"Vulnerable",1,1
"Central Reef",1971,1975,"Endangered",3,1
"Central Reef",1971,1975,"Vulnerable",3,1
"Eucla",1971,1975,"Vulnerable",2,1
"Hawkesbury Shelf",1971,1975,"Critically Endangered",1,1
"Pilbarra (offshore)",1971,1975,"Conservation Dependent",3,1
"Pilbarra (offshore)",1971,1975,"Vulnerable",1,1
"WA South Coast",1971,1975,"Conservation Dependent",1,1
"WA South Coast",1971,1975,"Vulnerable",1,1
"Zuytdorp",1971,1975,"Vulnerable",1,1
"Ribbons",1971,1975,"Conservation Dependent",1,1
"Boags",1971,1975,"Conservation Dependent",1,1
"Eucla",1971,1975,"Endangered",8,2
"Franklin",1971,1975,"Vulnerable",1,1
"Hawkesbury Shelf",1971,1975,"Extinct",2,1
"Manning Shelf",1971,1975,"Vulnerable",2,1
"Ningaloo",1971,1975,"Vulnerable",1,1
"Van Diemens Gulf",1971,1975,"Vulnerable",3,2
"Anson Beagle",1976,1980,"Vulnerable",4,2
"Davey",1976,1980,"Critically Endangered",1,1
"East Cape York",1976,1980,"Endangered",17,2
"Franklin",1976,1980,"Endangered",3,2
"Shoalwater Coast",1976,1980,"Extinct",1,1
"Shoalwater Coast",1976,1980,"Vulnerable",4,2
"Otway",1976,1980,"Conservation Dependent",4,3
"Central Victoria",1976,1980,"Conservation Dependent",3,1
"Cobourg",1976,1980,"Endangered",3,1
"Flinders",1976,1980,"Extinct",1,1
"Freycinet",1976,1980,"Critically Endangered",1,1
"Karumba-Nassau",1976,1980,"Endangered",2,2
"Ningaloo",1976,1980,"Vulnerable",1,1
"Victorian Embayments",1976,1980,"Conservation Dependent",1,1
"WA South Coast",1976,1980,"Vulnerable",1,1
"West Cape York",1976,1980,"Vulnerable",8,2
"Karumba-Nassau",1981,1985,"Endangered",7,2
"Torres Strait",1981,1985,"Endangered",1,1
"Wellesley",1981,1985,"Endangered",8,1
"Abrolhos Islands",1981,1985,"Endangered",1,1
"Abrolhos Islands",1981,1985,"Vulnerable",1,1
"Arafura",1981,1985,"Vulnerable",3,2
"Central West Coast",1981,1985,"Endangered",1,1
"Cobourg",1981,1985,"Endangered",10,1
"Coorong",1981,1985,"Conservation Dependent",1,1
"Northwest Shelf",1981,1985,"Critically Endangered",1,1
"WA South Coast",1981,1985,"Critically Endangered",1,1
"West Cape York",1981,1985,"Vulnerable",1,1
"Wet Tropic Coast",1981,1985,"Endangered",1,1
"Hawkesbury Shelf",1986,1990,"Critically Endangered",5,2
"Leeuwin-Naturaliste",1986,1990,"Vulnerable",2,2
"Tiwi",1986,1990,"Endangered",2,1
"Batemans Shelf",1986,1990,"Critically Endangered",1,1
"Canning",1991,1995,"Critically Endangered",1,1
"Carpentaria",1991,1995,"Conservation Dependent",7,1
"Eighty Mile Beach",1991,1995,"Critically Endangered",1,1
"King Sound",1991,1995,"Not listed",4,4
"North Spencer Gulf",1991,1995,"Vulnerable",1,1
"Ribbons",1991,1995,"Vulnerable",1,1
"Batemans Shelf",1996,2000,"Conservation Dependent",25,6
"Cobourg",1996,2000,"Endangered",20,1
"Flinders",1996,2000,"Conservation Dependent",19,3
"Freycinet",1996,2000,"Conservation Dependent",17,4
"Kimberley",1996,2000,"Vulnerable",1,1
"Murat",1996,2000,"Endangered",11,2
"Abrolhos Islands",2001,2005,"Conservation Dependent",2,1
"Anson Beagle",2001,2005,"Vulnerable",39,4
"Arnhem Wessel",2001,2005,"Vulnerable",39,3
"Batemans Shelf",2001,2005,"Conservation Dependent",37,5
"Boags",2001,2005,"Conservation Dependent",15,2
"Boags",2001,2005,"Vulnerable",4,4
"Bruny",2001,2005,"Conservation Dependent",14,2
"Central Bass Strait",2001,2005,"Conservation Dependent",36,2
"Central West Coast",2001,2005,"Conservation Dependent",2,1
"Coorong",2001,2005,"Conservation Dependent",39,4
"Davey",2001,2005,"Conservation Dependent",20,4
"Eucla",2001,2005,"Conservation Dependent",39,5
"Eucla",2001,2005,"Vulnerable",1,1
"Eyre",2001,2005,"Conservation Dependent",8,2
"Franklin",2001,2005,"Conservation Dependent",19,3
"Franklin",2001,2005,"Endangered",4,1
"Franklin",2001,2005,"Vulnerable",6,3
"Freycinet",2001,2005,"Conservation Dependent",16,3
"Groote",2001,2005,"Vulnerable",6,3
"Hawkesbury Shelf",2001,2005,"Conservation Dependent",19,4
"Leeuwin-Naturaliste",2001,2005,"Conservation Dependent",1,1
"Mackay-Capricorn",2001,2005,"Endangered",5,2
"Manning Shelf",2001,2005,"Conservation Dependent",20,5
"Manning Shelf",2001,2005,"Critically Endangered",3,2
"Ningaloo",2001,2005,"Conservation Dependent",2,2
"Otway",2001,2005,"Conservation Dependent",80,3
"Pellew",2001,2005,"Vulnerable",5,2
"Tweed-Moreton",2001,2005,"Conservation Dependent",37,5
"Twofold Shelf",2001,2005,"Conservation Dependent",55,4
"Victorian Embayments",2001,2005,"Conservation Dependent",5,3
"Wellesley",2001,2005,"Conservation Dependent",1,1
"Zuytdorp",2001,2005,"Vulnerable",1,1
"Central Reef",2001,2005,"Endangered",2,1
"Van Diemens Gulf",2001,2005,"Vulnerable",3,3
"Anson Beagle",2001,2005,"Endangered",2,1
"Eucla",2011,2015,"Vulnerable",2,1
"Freycinet",2011,2015,"Vulnerable",4,3
"Kimberley",2011,2015,"Endangered",2,2
"North Spencer Gulf",2011,2015,"Endangered",5,2
"Pellew",2011,2015,"Vulnerable",8,2
"Pilbarra (nearshore)",2011,2015,"Conservation Dependent",1,1
"Pilbarra (offshore)",2011,2015,"Conservation Dependent",3,1
"Tiwi",2011,2015,"Endangered",4,1
"Tiwi",2011,2015,"Vulnerable",4,2
"WA South Coast",2011,2015,"Critically Endangered",3,3
"West Cape York",2011,2015,"Vulnerable",88,2
"Manning Shelf",2011,2015,"Conservation Dependent",159,2
"St Vincent Gulf",2011,2015,"Conservation Dependent",1,1
"Ribbons",2011,2015,"Endangered",3,1
"Boags",2011,2015,"Vulnerable",2,2
"East Cape York",2011,2015,"Endangered",5,1
"Shoalwater Coast",2011,2015,"Endangered",3,1
"Bonaparte Gulf",1900,1970,"Vulnerable",1,1
"Central West Coast",1900,1970,"Critically Endangered",1,1
"Carpentaria",1900,1970,"Vulnerable",2,1
"Eucla",1900,1970,"Vulnerable",4,1
"Karumba-Nassau",1900,1970,"Conservation Dependent",5,2
"Pilbarra (offshore)",1900,1970,"Conservation Dependent",2,2
"Tiwi",1900,1970,"Conservation Dependent",1,1
"West Cape York",1900,1970,"Conservation Dependent",4,2
"Central Victoria",1900,1970,"Critically Endangered",3,1
"Ribbons",1900,1970,"Vulnerable",13,2
"Manning Shelf",1900,1970,"Endangered",1,1
"Torres Strait",1900,1970,"Vulnerable",1,1
"Central Reef",1976,1980,"Endangered",1,1
"Central Reef",1976,1980,"Vulnerable",1,1
"Eyre",1976,1980,"Conservation Dependent",3,1
"Franklin",1976,1980,"Conservation Dependent",5,1
"Leeuwin-Naturaliste",1976,1980,"Critically Endangered",1,1
"Murat",1976,1980,"Conservation Dependent",7,1
"Northwest Shelf",1976,1980,"Critically Endangered",2,1
"Oceanic Shoals",1976,1980,"Conservation Dependent",2,1
"Franklin",1986,1990,"Critically Endangered",1,1
"Franklin",1986,1990,"Endangered",1,1
"Pellew",1986,1990,"Endangered",2,2
"Pellew",1986,1990,"Vulnerable",1,1
"Eyre",1991,1995,"Conservation Dependent",7,1
"Karumba-Nassau",1991,1995,"Vulnerable",1,1
"Wellesley",1991,1995,"Vulnerable",4,2
"Canning",1996,2000,"Vulnerable",4,1
"Central Bass Strait",1996,2000,"Vulnerable",3,1
"Eucla",1996,2000,"Vulnerable",4,3
"Franklin",1996,2000,"Endangered",2,2
"Freycinet",1996,2000,"Vulnerable",3,3
"Spencer Gulf",1996,2000,"Critically Endangered",1,1
"Pompey-Swains",2001,2005,"Vulnerable",1,1
"Tweed-Moreton",2001,2005,"Critically Endangered",1,1
"Zuytdorp",2001,2005,"Conservation Dependent",2,2
"Northwest Shelf",2001,2005,"Vulnerable",1,1
"Pilbarra (offshore)",2001,2005,"Vulnerable",1,1
"Bruny",2006,2010,"Conservation Dependent",67,1
"Flinders",2006,2010,"Conservation Dependent",1,1
"Northwest Shelf",2006,2010,"Endangered",3,2
"Central Victoria",2006,2010,"Critically Endangered",1,1
"Eucla",2006,2010,"Vulnerable",1,1
"Arnhem Wessel",2011,2015,"Vulnerable",3,2
"Davey",2011,2015,"Vulnerable",1,1
"Leeuwin-Naturaliste",2011,2015,"Conservation Dependent",122,1
"Van Diemens Gulf",2011,2015,"Vulnerable",5,2
"Franklin",2011,2015,"Endangered",5,2
"Carpentaria",2011,2015,"Vulnerable",2,2
"Victorian Embayments",2011,2015,"Conservation Dependent",230,2
"Flinders",2011,2015,"Vulnerable",8,3
"Karumba-Nassau",2011,2015,"Endangered",2,1
"East Cape York",2011,2015,"Vulnerable",2,2
"Otway",2011,2015,"Critically Endangered",1,1
"Canning",2016,2020,"Endangered",3,1
"Coorong",2016,2020,"Critically Endangered",1,1
"Ribbons",2016,2020,"Endangered",1,1
"Central Victoria",1900,1970,"Conservation Dependent",1,1
"Eyre",1900,1970,"Critically Endangered",1,1
"Bruny",1900,1970,"Critically Endangered",10,1
"Leeuwin-Naturaliste",1900,1970,"Conservation Dependent",2,1
"Shoalwater Coast",1971,1975,"Endangered",3,3
"Arafura",1971,1975,"Vulnerable",2,2
"Arnhem Wessel",1971,1975,"Vulnerable",25,1
"Kimberley",1971,1975,"Conservation Dependent",1,1
"Leeuwin-Naturaliste",1971,1975,"Conservation Dependent",1,1
"Freycinet",1971,1975,"Extinct",1,1
"Groote",1971,1975,"Vulnerable",2,1
"Hawkesbury Shelf",1971,1975,"Conservation Dependent",1,1
"Leeuwin-Naturaliste",1971,1975,"Endangered",1,1
"Leeuwin-Naturaliste",1971,1975,"Vulnerable",2,1
"Murat",1971,1975,"Endangered",1,1
"Spencer Gulf",1971,1975,"Endangered",2,1
"Wet Tropic Coast",1971,1975,"Critically Endangered",1,1
"Ningaloo",1986,1990,"Endangered",1,1
"Boags",1991,1995,"Vulnerable",15,3
"Central Bass Strait",1991,1995,"Vulnerable",17,4
"Flinders",1991,1995,"Vulnerable",7,2
"Manning Shelf",1991,1995,"Conservation Dependent",4,1
"Victorian Embayments",1991,1995,"Critically Endangered",1,1
"Murat",1996,2000,"Vulnerable",2,1
"Flinders",1996,2000,"Critically Endangered",2,1
"Bonaparte Gulf",1996,2000,"Vulnerable",1,1
"Hawkesbury Shelf",1996,2000,"Conservation Dependent",12,5
"Oceanic Shoals",1996,2000,"Vulnerable",1,1
"Tweed-Moreton",1996,2000,"Extinct",1,1
"Van Diemens Gulf",2001,2005,"Critically Endangered",1,1
"Arafura",2001,2005,"Vulnerable",2,1
"Pilbarra (nearshore)",2001,2005,"Critically Endangered",2,1
"Central Victoria",2011,2015,"Critically Endangered",1,1
"Cambridge-Bonaparte",2011,2015,"Critically Endangered",11,1
"Batemans Shelf",2011,2015,"Critically Endangered",14,2
"Carpentaria",2011,2015,"Endangered",2,1
"Franklin",2011,2015,"Vulnerable",1,1
"Kimberley",2011,2015,"Vulnerable",23,1
"Murat",2011,2015,"Conservation Dependent",2,1
"Pellew",2011,2015,"Endangered",2,1
"Shark Bay",2011,2015,"Vulnerable",6,2
"Torres Strait",2011,2015,"Vulnerable",1,1
"Ningaloo",2011,2015,"Endangered",1,1
"Coorong",2011,2015,"Vulnerable",1,1
"Hawkesbury Shelf",1900,1970,"Extinct",1,1
"Bonaparte Gulf",1900,1970,"Endangered",10,1
"Van Diemens Gulf",1900,1970,"Vulnerable",1,1
"Hawkesbury Shelf",1976,1980,"Critically Endangered",4,2
"East Cape York",1976,1980,"Vulnerable",42,3
"Karumba-Nassau",1976,1980,"Vulnerable",1,1
"Pompey-Swains",1976,1980,"Endangered",15,2
"Pompey-Swains",1976,1980,"Vulnerable",15,2
"Cobourg",1976,1980,"Vulnerable",4,2
"Zuytdorp",1976,1980,"Vulnerable",1,1
"Arafura",1981,1985,"Endangered",1,1
"East Cape York",1981,1985,"Conservation Dependent",4,1
"East Cape York",1981,1985,"Endangered",2,1
"Central West Coast",1981,1985,"Vulnerable",1,1
"Coorong",1981,1985,"Critically Endangered",2,2
"Carpentaria",1986,1990,"Conservation Dependent",1,1
"Central West Coast",1986,1990,"Conservation Dependent",2,1
"Groote",1986,1990,"Vulnerable",1,1
"Manning Shelf",1986,1990,"Extinct",2,1
"Hawkesbury Shelf",1991,1995,"Critically Endangered",4,1
"Wellesley",1991,1995,"Endangered",2,1
"Abrolhos Islands",1991,1995,"Vulnerable",1,1
"Boags",1991,1995,"Conservation Dependent",1,1
"Central Reef",1991,1995,"Vulnerable",1,1
"Pilbarra (offshore)",1991,1995,"Vulnerable",1,1
"West Cape York",1991,1995,"Conservation Dependent",1,1
"Franklin",1996,2000,"Vulnerable",1,1
"Abrolhos Islands",1996,2000,"Conservation Dependent",1,1
"Batemans Shelf",1996,2000,"Critically Endangered",4,2
"Boags",1996,2000,"Conservation Dependent",8,2
"Carpentaria",1996,2000,"Endangered",3,1
"Central Bass Strait",1996,2000,"Conservation Dependent",30,2
"Central Victoria",1996,2000,"Conservation Dependent",3,2
"Central West Coast",1996,2000,"Conservation Dependent",2,1
"Coorong",1996,2000,"Conservation Dependent",19,4
"Davey",1996,2000,"Conservation Dependent",12,4
"Eucla",1996,2000,"Conservation Dependent",13,5
"Eyre",1996,2000,"Conservation Dependent",5,2
"Franklin",1996,2000,"Conservation Dependent",9,3
"Manning Shelf",1996,2000,"Conservation Dependent",12,5
"Murat",1996,2000,"Conservation Dependent",9,4
"Otway",1996,2000,"Conservation Dependent",34,3
"Tweed-Moreton",1996,2000,"Conservation Dependent",24,5
"Tweed-Moreton",1996,2000,"Critically Endangered",1,1
"WA South Coast",1996,2000,"Conservation Dependent",13,3
"St Vincent Gulf",1996,2000,"Conservation Dependent",8,1
"Freycinet",2006,2010,"Conservation Dependent",1,1
"Pilbarra (offshore)",2006,2010,"Vulnerable",1,1
"Tiwi",2006,2010,"Endangered",4,1
"Tiwi",2006,2010,"Vulnerable",4,1
"Tweed-Moreton",2006,2010,"Critically Endangered",1,1
"North Spencer Gulf",2006,2010,"Conservation Dependent",6,2
"Canning",2006,2010,"Endangered",2,1
"Victorian Embayments",2011,2015,"Critically Endangered",1,1
"Eyre",2011,2015,"Conservation Dependent",1,1
"Oceanic Shoals",2011,2015,"Conservation Dependent",10,1
"Oceanic Shoals",2011,2015,"Endangered",3,1
"Pompey-Swains",2011,2015,"Vulnerable",1,1
"Van Diemens Gulf",2011,2015,"Critically Endangered",2,1
"Pompey-Swains",2011,2015,"Critically Endangered",1,1
"West Cape York",2011,2015,"Conservation Dependent",1,1
"Ningaloo",2011,2015,"Conservation Dependent",1,1
"West Cape York",2011,2015,"Endangered",5,1
